Province,Type,Cd,Year,Reference
Guangdong,Mining/smelting soils,184.09,2023.0,"Non-Carcinogenic Risk Assessment for Heavy Metals in the Soil and Rice in the Vicinity of Dabaoshan Mine, South China"
Guangdong,Agricultural soils,0.11,2022.0,Pollution Risk Assessment and Sources Analysis of Heavy Metal in Soil from Bamboo Shoots
Guangdong,Urban soils,0.34,2022.0,Estimation of the accumulation rates and health risks of heavy metals in residential soils of three metropolitan cities in China
Guangdong,Urban soils,0.45,,
Guangdong,Agricultural soils,0.51,,
Guangdong,Urban soils,17.05,2022.0,"Characteristics and Risk of Forest Soil Heavy Metal Pollution in Western Guangdong Province, China"
Guangdong,Agricultural soils,0.44,2021.0,"Spatiotemporal simulation, early warning, and policy recommendations of the soil heavy metal environmental capacity of the agricultural land in a typical industrial city in China: Case of Zhongshan City"
Guangdong,Agricultural soils,0.83,2022.0,Geochemical Fractionation and Source Identification of Pb and Cd in Riparian Soils and River Sediments from Three Lower Reaches Located in the Pearl River Delta
Guangdong,Agricultural soils,0.21,,
Guangdong,Agricultural soils,0.79,,
Guangdong,Urban soils,0.14,2024.0,"Assessment of soil environmental capacity for heavy metals in Shantou City, Guangdong Province, China: source analysis and enrichment evaluation"
Guangdong,Urban soils,0.599,2022.0,"Assessment of Soil Heavy Metal Pollution and Its Ecological Risk for City Parks, Vicinity of a Landfill, and an Industrial Area within Guangzhou, South China"
Guangdong,Urban soils,0.31,,
Guangdong,Industrial soils,1.415,,
Guangdong,Urban soils,0.1,2022.0,"Spatial distribution characteristics, influencing factors, and source distribution of soil cadmium in Shantou City, Guangdong Province"
Guangdong,Urban soils,0.09,2021.0,"Spatial Distribution and Source Apportionment of Soil Heavy Metals in Pearl River Delta, China"
Guangdong,Industrial soils,3.42,2021.0,"Environmental Effects of Heavy Metals from the E-Waste Dismantling Site, South China"
Guangdong,Industrial soils,0.82,2023.0,"Research on health risk assessment of heavy metals in soil based on multi-factor source apportionment: A case study in Guangdong Province, China"
Guangdong,Agricultural soils,2.31,2025.0,"Screening of Practical Low-accumulating Crops in Cadmium-polluted Farmland: A Field Survey and Field Trail in Guangdong Province, China"
Guangdong,Agricultural soils,0.2,,
Guangdong,Agricultural soils,0.22,,
Guangdong,Agricultural soils,0.34,,
Guangdong,Agricultural soils,10.63,,
Guangdong,Agricultural soils,0.29,,
Guangdong,Agricultural soils,0.18,,
Guangdong,Agricultural soils,0.18,2025.0,Identification of the pollution sources and hidden clustering patterns for potentially toxic elements in typical peri-urban agricultural soils in southern China
Guangdong,Urban soils,0.07,2021.0,佛山城市森林公园表层土壤重金属累积特征、影响因素及其评价
Guangdong,Urban soils,0.05,2021.0,深圳市不同土类的重金属环境背景值与理化性质特征
Guangdong,Urban soils,0.05,,
Guangdong,Urban soils,0.05,,
Guangdong,Industrial soils,0.11,2022.0,某污染地块不同功能区土壤重金属污染特征与来源分析
Guangdong,Urban soils,0.54,2022.0,广州市城市公园土壤重金属累积特征、形态分布及其生态风险
Guangdong,Mining/smelting soils,2.92,2022.0,广东韶关乐昌铅锌矿土壤重金属污染特征及评价
Guangdong,Urban soils,0.5914285714285714,2022.0,广州城市公园绿地重金属环境磁学研究
Guangdong,Agricultural soils,0.2,2022.0,湛江东北部农用地土壤重金属污染及生态风险评价
Guangdong,Industrial soils,0.79,2023.0,典型电子垃圾拆解区周边耕地土壤重金属污染特征及风险评价
Guangdong,Mining/smelting soils,0.82,2023.0,粤北典型工矿区土壤重金属富集特征、来源解析及风险评价
Guangdong,Agricultural soils,0.36,2024.0,广东典型城乡结合带农田土壤重金属污染特征及来源解析
Guangdong,Mining/smelting soils,7.9,2024.0,金属矿区周边农田土壤与农作物重金属健康风险评估
Guangdong,Urban soils,0.07,2025.0,广东省典型城市公园土壤重金属来源解析及风险评估
Guangdong,Urban soils,0.48,,
Guangdong,Urban soils,0.05,,
Guangdong,Urban soils,0.155,2025.0,广州市城市公园绿地土壤重金属污染特征及健康风险评估
Guangdong,Urban soils,0.08,2025.0,广东雷州东部土壤重金属分布特征、来源分析及健康风险评价
Guangdong,Industrial soils,0.51,2021.0,佛山陶瓷工业区土壤重金属含量及生态风险评价
Guangdong,Industrial soils,34.63,2022.0,清远电子垃圾拆解区土壤重金属污染空间分布特征及风险评价
Guangdong,Urban soils,0.12,2024.0,广东惠州金山新城规划区土壤地球化学背景值及分区研究
Guangdong,Urban soils,0.14,2025.0,汕头市表层土壤Pb地球化学特征及来源解析
Guangxi,Mining/smelting soils,2.77,2022.0,Apportionment and Spatial Pattern Analysis of Soil Heavy Metal Pollution Sources Related to Industries of Concern in a County in Southwestern China
Guangxi,Mining/smelting soils,3.04,,
Guangxi,Agricultural soils,2.26,2023.0,Pollution characteristics and source identification of farmland soils in Pb–Zn mining areas through an integrated approach
Guangxi,Agricultural soils,1.75,2024.0,"Spatial distribution, risk assessment, and source apportionment of soil heavy metals in a karst county based on grid survey"
Guangxi,Mining/smelting soils,3.06,2024.0,"Ecological risk, source apportionment, and influencing factors of heavy metals in soil in a typical lead-zinc mining watershed, Guangxi, China"
Guangxi,Mining/smelting soils,0.52,2024.0,"Exploring the geochemical characteristics, sources, influencing factors, and potential remediation strategies of Cd in a typical karst region"
Guangxi,Mining/smelting soils,0.8,2022.0,New strategy for exploring the accumulation of heavy metals in soils derived from different parent materials in the karst region of southwestern China
Guangxi,Mining/smelting soils,1.75,,
Guangxi,Mining/smelting soils,0.16,,
Guangxi,Mining/smelting soils,0.19,,
Guangxi,Mining/smelting soils,0.073,,
Guangxi,Mining/smelting soils,0.095,,
Guangxi,Agricultural soils,6.9,2021.0,河池市某废弃冶炼厂周边农田土壤重金属污染特征及风险评价
Guangxi,Agricultural soils,1.49,2022.0,广西喀斯特地貌区土壤重金属来源与生态风险评价
Guangxi,Mining/smelting soils,0.37,2023.0,南丹矿区周边农田土壤质量综合评价研究
Guangxi,Urban soils,2.77,2024.0,高地球化学背景地区重金属污染分布特征及源解析研究
Guangxi,Urban soils,1.05,,
Guangxi,Urban soils,0.09,,
Guangxi,Mining/smelting soils,1.15,2024.0,广西废弃矿区土壤中Cd、Pb、As污染特征及环境质量评价研究
Guangxi,Mining/smelting soils,1.16,2021.0,广西某有色金属矿区土壤重金属地球化学基线值的确定及其污染评价
Guangxi,Mining/smelting soils,19.49,2023.0,广西某铅锌尾矿库区土壤中重金属Cd、Pb、Zn、Cu的分布特征及源解析
Guangxi,Mining/smelting soils,19.49,2024.0,喀斯特地区尾矿库周边植物重金属富集特征及空间分布
Shandong,Mining/smelting soils,0.15,2021.0,"Assessment of Potential Ecological Risk of Heavy Metals in Surface Soils of Laizhou, Eastern China"
Shandong,Mining/smelting soils,0.11,2023.0,"Risk assessment of soil heavy metals in mining activity areas: a case study in Eastern Shandong Province, China"
Shandong,Mining/smelting soils,0.2,2022.0,"Evaluating heavy metal pollution and potential risk of soil around a coal mining region of Tai’an City, China"
Shandong,Agricultural soils,0.24,2022.0,"Heavy Metal Contamination in Soils from a Major Planting Base of Winter Jujube in the Yellow River Delta, China"
Shandong,Agricultural soils,0.17,2022.0,"Pollution assessment, source identification, and health risks of heavy metals: a case study in a typical wheat–maize rotation area of eastern China"
Shandong,Agricultural soils,0.12,,
Shandong,Industrial soils,0.21,2025.0,Quantitative analysis and risk assessment of heavy metal pollution in an intensive industrial and agricultural region
Shandong,Agricultural soils,0.118,2022.0,"Spatial Distribution, Pollution Characteristics, and Health Risk Assessment of Heavy Metals in Soils from a Typical Agricultural County, East China"
Shandong,Mining/smelting soils,0.129,2022.0,Quantitative Source Apportionment and Uncertainty Analysis of Heavy Metal(loid)s in the Topsoil of the Nansi Lake Nature Reserve
Shandong,Mining/smelting soils,0.09,2022.0,"Spatial Distribution and Source Apportionment of Heavy Metals in the Topsoil of Weifang City, East China"
Shandong,Industrial soils,0.1,2022.0,Spatial Distribution Profiles and Human-Health Risks of Heavy Metals in Surrounding Area Surface Soils of a Petrochemical Complex
Shandong,Industrial soils,0.15,2023.0,"Source apportionment and assessment of risk to human health of soil heavy metals: a high-density sampling survey in the Dan River Basin, Shandong Province, China"
Shandong,Agricultural soils,0.13,2024.0,Pollution and mobility of heavy metals in the soils of a typical agricultural zone in eastern China
Shandong,Natural soils,0.13,2022.0,"Distribution and Influencing Factors of Metals in Surface Soil from the Yellow River Delta, China"
Shandong,Natural soils,0.11,2024.0,"Geochemical baseline establishment, pollution level and health risk assessment of soil heavy metals in the upper Xiaowen River Basin, Shandong Province, China"
Shandong,Natural soils,0.14,2023.0,"Pollution Characteristics, Spatial Distribution, and Evaluation of Heavy Metal(loid)s in Farmland Soils in a Typical Mountainous Hilly Area in China"
Shandong,Agricultural soils,0.1,2021.0,"Source and Health Risk Assessment of Heavy Metals in Soil–Ginger System in the Jing River Basin of Shandong Province, North China"
Shandong,Agricultural soils,0.137,2024.0,Assessment of health risks based on different populations and sources of heavy metals on agricultural lane in Tengzhou City by APCS-MLR models
Shandong,Urban soils,0.18,2024.0,Health risk assessment of soil heavy metals in a typical mining town in north China based on Monte Carlo simulation coupled with Positive matrix factorization model
Shandong,Urban soils,0.19,2024.0,"Characterization of soil trace metal pollution, source identification, and health risk assessment in the middle reaches of the Guihe River Basin"
Shandong,Urban soils,0.23,2021.0,Evaluating source-oriented human health risk of potentially toxic elements: A new exploration of multiple age groups division
Shandong,Urban soils,0.16,2021.0,典型石化工业城市土壤重金属源解析及空间分布模拟
Shandong,Urban soils,0.15,2021.0,基于多元统计的土壤主要重金属影响因素分析——以济南市平阴县城区及附近区域为例
Shandong,Urban soils,0.07,2022.0,泰安市城区土壤重金属污染特征及风险评价
Shandong,Industrial soils,0.14,2022.0,小城镇工业园区土壤重金属污染调查与评价——以肥城市为例
Shandong,Industrial soils,0.13,,
Shandong,Urban soils,0.09,2022.0,莱州湾以南表层土壤重金属分布与生态风险
Shandong,Urban soils,0.12,2022.0,山东省沂南县东部土壤重金属地球化学特征及源解析
Shandong,Mining/smelting soils,0.33,2022.0,龙口市污灌区重金属污染影响因子分析
Shandong,Urban soils,0.12,2022.0,山东省沂南县东部土壤重金属生态健康风险评价
Shandong,Urban soils,0.16,2022.0,县域城市土壤重金属空间分布特征及来源解析
Shandong,Agricultural soils,0.26,2022.0,废旧塑料再生基地农田土壤重金属污染特征及风险评价
Shandong,Urban soils,0.15,2024.0,典型城镇区土壤重金属地球化学特征、污染评价及源解析
Shandong,Urban soils,0.14,2024.0,淄博市土壤Cd和Pb的污染状况评价及健康风险评估
Shandong,Agricultural soils,0.17,2024.0,聊城市典型农业区土壤重金属分布特征、生态风险及来源解析
Shandong,Mining/smelting soils,0.1,2024.0,胶东半岛某金矿周边土壤重金属的污染特征、来源分析及风险评价
Shandong,Agricultural soils,0.2,2025.0,聊城耕层土壤重金属污染特征、评价及源解析
Shandong,Urban soils,0.15,2025.0,单县表层土壤重金属污染特征、健康风险及溯源解析
Shandong,Mining/smelting soils,0.15,2024.0,山东省唐口矿区采煤塌陷地复垦土壤重金属潜在生态风险评价
Shandong,Industrial soils,0.51,2024.0,青岛某工业园区重点监管企业土壤重金属污染特征及源解析
Shandong,Urban soils,0.19,2024.0,郓城县北部地区土壤元素地球化学背景值特征
Shandong,Agricultural soils,0.15,2025.0,济南市洪范池地区土壤重金属地球化学特征与潜在生态风险评价
Shanxi,Industrial soils,3.53,2022.0,"Spatial variability and riskassessment of heavy metals in the soil surrounding solid waste from coking plants in Shanxi, china"
Shanxi,Industrial soils,10.56,,
Shanxi,Industrial soils,8.04,,
Shanxi,Agricultural soils,0.27,2024.0,"Distribution, Source, and Ecological Risk of Heavy Metals in Sewage Irrigation of Taiyuan, Shanxi Province, China"
Shanxi,Agricultural soils,0.19,,
Shanxi,Agricultural soils,0.18,,
Shanxi,Agricultural soils,0.21,2021.0,Accumulation risk and source apportionment of heavy metals in different types of farmland in a typical farming area of northern China
Shanxi,Agricultural soils,0.2330434782608695,2023.0,"The Concentrations, Sources, Ecological, and Human Health Risk Assessment of Heavy Metals in Roadside Soils of Six Cities in Shanxi Province, China"
Shanxi,Agricultural soils,0.2237499999999999,,
Shanxi,Agricultural soils,0.24,,
Shanxi,Agricultural soils,0.17,,
Shanxi,Agricultural soils,0.1792307692307692,,
Shanxi,Agricultural soils,0.192,,
Shanxi,Agricultural soils,0.15,2022.0,"Study and Risk Assessment of Heavy Metals and Risk Element Pollution in Shallow Soil in Shanxi Province, China"
Shanxi,Agricultural soils,1.14,2023.0,Spatial Differentiation Characteristics and Evaluation of Cu and Cd in Paddy Soil around a Copper Smelter
Shanxi,Industrial soils,0.2,2022.0,"Spatial clustering and source-specific risk of combined pollutants in soils from an industrial area in Shanxi Province, China"
Shanxi,Agricultural soils,0.26,2023.0,Characteristics and pollution risks of potentially toxic elements and nematode community structure on farm soil near coal mines
Shanxi,Agricultural soils,0.46,2021.0,山西省天镇县设施菜地土壤重金属污染评价及其源解析
Shanxi,Agricultural soils,0.12,2021.0,太原市农田土壤重金属污染评价与空间分布特征
Shanxi,Industrial soils,0.25,2022.0,山西焦化园区土壤重金属污染及概率健康风险评价
Shanxi,Industrial soils,0.27,2022.0,典型煤炭产业聚集区土壤重金属污染特征与风险评价
Shanxi,Urban soils,1.93,2023.0,大同市城区公园表层土壤重金属污染特征和健康风险及来源解析
Shanxi,Industrial soils,0.78,2025.0,典型燃煤工业区周边耕地土壤重金属污染特征、风险与源解析
Shanxi,Industrial soils,0.36,,
Shanxi,Industrial soils,0.34,,
Shanxi,Industrial soils,0.58,,
Shanxi,Mining/smelting soils,7.47,2025.0,江西于都某钨矿区土壤重金属特征及生态风险评价
Shanxi,Agricultural soils,4.53,2023.0,赣东北典型重(类)金属污染农田土壤人体健康风险评估
Shanxi,Mining/smelting soils,0.3,2024.0,某煤矿区土壤中重金属污染状况及风险评估
Guizhou,Urban soils,0.462,2021.0,Quantitative determination of auxiliary information for mapping soil heavy metals and soil contamination risk assessment
Guizhou,Mining/smelting soils,2.08,2023.0,"Effects of multi-heavy metal composite pollution on microorganisms around a lead-zinc mine in typical karst areas, southwest China"
Guizhou,Urban soils,0.385,,长江经济带
Guizhou,Urban soils,0.435,,
Guizhou,Agricultural soils,3.5,2023.0,"Bioavailability, Sources, and Transfer Behavior of Heavy Metals in Soil–Crop Systems from a High Geological Background Area Impacted by Artisanal Zn Smelting in Guizhou Province, Southwest China"
Guizhou,Agricultural soils,0.44,2023.0,"Health risk assessment of heavy metal pollution and its sources in agricultural soils near Hongfeng Lake in the mining area of Guizhou Province, China"
Guizhou,Natural soils,1.74,2022.0,Contamination Evaluation and Source Analysis of Heavy Metals in Karst Soil Using UNMIX Model and Pb-Cd Isotopes
Guizhou,Natural soils,0.49,,
Guizhou,Natural soils,0.65,,
Guizhou,Natural soils,0.81,,
Guizhou,Natural soils,1.15,,
Guizhou,Natural soils,1.95,,
Guizhou,Natural soils,5.21,,
Guizhou,Natural soils,1.59,,
Guizhou,Natural soils,2.42,,
Guizhou,Natural soils,7.66,,
Guizhou,Natural soils,2.54,,
Guizhou,Agricultural soils,1.0,2021.0,"Health risk assessment of heavy metals in soils and screening of accumulating plants around the Wanshan mercury mine in Northeast Guizhou Province, China"
Guizhou,Agricultural soils,1.97,,
Guizhou,Agricultural soils,0.16,,
Guizhou,Agricultural soils,3.81,,
Guizhou,Agricultural soils,0.77,,
Guizhou,Agricultural soils,0.58,,
Guizhou,Agricultural soils,0.7,,
Guizhou,Agricultural soils,0.3,,
Guizhou,Agricultural soils,0.64,2023.0,"Source analysis and health risk assessment of heavy metals in agricultural land of multi-mineral mining and smelting area in the Karst region – a case study of Jichangpo Town, Southwest China"
Guizhou,Agricultural soils,0.3,2022.0,Soil Heavy Metal Content and Enzyme Activity in Uncaria rhynchophylla-Producing Areas under Different Land Use Patterns
Guizhou,Agricultural soils,0.35,,
Guizhou,Agricultural soils,0.2,,
Guizhou,Industrial soils,1.52,2022.0,Heavy metal levels in the soil near typical coal-fired power plants: partition source apportionment and associated health risks based on PMF and HHRA
Guizhou,Agricultural soils,0.95,2022.0,"Heavy metal(loid)s in agricultural soils in the world’s largest barium-mining area: Pollution characteristics, source apportionment, and health risks using PMF model and Cd isotopes"
Guizhou,Agricultural soils,8.71,2022.0,Source Identification and Superposition Effect of Heavy Metals (HMs) in Agricultural Soils at a High Geological Background Area of Karst: A Case Study in a Typical Watershed
Guizhou,Agricultural soils,0.15,2023.0,Geochemical Characteristics and Risk Assessment of Heavy Metals in Soil and Fruit of Major Blueberry Growing Areas in Guizhou Province
Guizhou,Mining/smelting soils,1.12,2021.0,"Pollution Characteristics, Distribution and Ecological Risk of Potentially Toxic Elements in Soils from an Abandoned Coal Mine Area in Southwestern China"
Guizhou,Agricultural soils,0.39,2022.0,"Spatial distribution and main controlling factor of cadmium accumulation in agricultural soils in Guizhou, China"
Guizhou,Agricultural soils,0.34,2025.0,Comprehensive Risk Assessment of Heavy Metals Based on Pollution Sources: A Case Study for Agricultural Soils from Southwest China 
Guizhou,Agricultural soils,0.15,,
Guizhou,Agricultural soils,0.37,2022.0,Natural Factors on Heterogenetic Accumulations of PTEs in Sloping Farmland in a Typical Small Mountainous Watershed in Southwest China
Guizhou,Agricultural soils,0.41,2021.0,黔西南某农用地土壤中技术风险评估与来源解析
Guizhou,Agricultural soils,1.65,2021.0,贵州遵义下寒武统黑色页岩区土壤重金属污染和人体健康风险评价
Guizhou,Agricultural soils,2.18,,
Guizhou,Agricultural soils,1.17,2022.0,贵州汞矿区周边农田土壤汞镉复合污染特征空间分布及风险评估
Guizhou,Agricultural soils,0.94,2022.0,贵州乌蒙山区设施土壤重金属污染风险评估与来源解析
Guizhou,Agricultural soils,0.81,,
Guizhou,Agricultural soils,3.6,2022.0,黔西北山区耕地重金属健康风险评价及环境基准
Guizhou,Agricultural soils,1.23,,
Guizhou,Mining/smelting soils,0.41,2022.0,黔中喀斯特地区临近矿区耕地土壤重金属污染评价及其源解析
Guizhou,Urban soils,0.52,2022.0,贵阳市观山湖区喀斯特城乡交错区土壤重金属的分布特征及风险评价
Guizhou,Urban soils,8.14,2022.0,地质高背景与污染叠加区不同土地利用方式下土壤重金属分布特征
Guizhou,Mining/smelting soils,0.14,2022.0,贵州省典型铅锌矿区土壤重金属污染特征及来源解析
Guizhou,Mining/smelting soils,26.8,2023.0,某废弃炼锌矿区的重金属污染特征与潜在生态风险
Guizhou,Mining/smelting soils,1.62,2023.0,贵州遵义锰矿区土壤重金属分布特征及生态风险评价
Guizhou,Mining/smelting soils,2.68,2024.0,遵义市典型锰矿区土壤重金属污染空间分布特征及生态风险评价
Guizhou,Mining/smelting soils,0.25,2024.0,独山锑矿区周边土壤及农作物重金属污染特征及健康风险评估
Guizhou,Industrial soils,12.0,2024.0,电解锰渣库周边土壤重金属污染特征评价
Guizhou,Mining/smelting soils,4.58,2024.0,典型废弃锑冶炼厂土壤重金属污染特征、风险评价及来源解析
Guizhou,Urban soils,0.044,2024.0,贵阳市喀斯特地区表层土壤Cd空间分异特征及其影响因素
Guizhou,Agricultural soils,1.34,2024.0,西南典型碳酸盐岩高地质背景区农田重金属化学形态、影响因素及回归模型
Guizhou,Agricultural soils,0.44,2024.0,贵州清镇耕地土壤重金属污染风险评价及来源解析
Guizhou,Agricultural soils,0.73,2025.0,岩溶地质高背景区农田土壤重金属污染特征、风险评价与来源解析研究
Guizhou,Agricultural soils,0.69,2025.0,黔西北岩溶区耕地土壤重金属污染特征与健康风险评价
Guizhou,Mining/smelting soils,2.67,2021.0,贵州丹寨县铅锌矿区小流域土壤重金属污染特征及生态风险评价
Guizhou,Urban soils,0.07,2021.0,罗甸县不同土地利用类型对土壤重金属含量的影响
Guizhou,Urban soils,0.53,2021.0,贵州某垃圾填埋场及其附近农田土壤中重金属形态分析和评价
Guizhou,Mining/smelting soils,0.69,2023.0,黔北某锰矿区土壤重金属污染特征及潜在生态风险评价
Guizhou,Mining/smelting soils,1.9,2024.0,贵州福泉煤矿区土壤重金属污染及风险评价
Guizhou,Mining/smelting soils,12.53,2025.0,黔西北铅锌矿区土壤重金属污染特征及人体健康风险评价
Xizang,Urban soils,0.32,2022.0,"Spatial Distribution of Soil Heavy Metals and Associated Environmental Risks near Major Roads in Southern Tibet, China"
Xizang,Urban soils,0.46,,
Xizang,Agricultural soils,0.2,2023.0,The Evaluation and Sources of Heavy Metal Anomalies in the Surface Soil of Eastern Tibet
Xizang,Natural soils,0.18,2023.0,"Ecological risk evaluation and sensitivity analysis of heavy metals on soil organisms under human activities in the Tibet Plateau, China"
Xizang,Industrial soils,0.64,2024.0,"Heavy metal concentrations in soil and ecological risk assessment in the vicinity of Tianzhu Industrial Park, Qinghai-Tibet Plateau"
Xizang,Urban soils,0.4,2022.0,"Pollution Levels and Risk Assessment of Heavy Metals in the Soil of a Landfill Site: A Case Study in Lhasa, Tibet"
Xizang,Natural soils,0.26,2024.0,Distribution and Source of Heavy Metals in Tibetan Plateau Topsoil: New Insight into the Influence of Long-Range Transported Sources to the Surrounding Glaciers
Xizang,Natural soils,0.17,2024.0,Spatial differentiation and influencing factors of heavy metals in soils of typical counties in Lhasa river basin
Xizang,Natural soils,0.125,2023.0,"Spatial distribution, source identification, and risk assessment of heavy metals in riparian soils of the Tibetan plateau"
Xizang,Agricultural soils,0.12,2023.0,"Concentration, spatial distribution, and source apportionment of heavy metals in agricultural soils from the Yarlung Zangbo River Basin, Tibetan Plateau "
Xizang,Urban soils,0.09,2022.0,"Study on health risk assessment of potentially toxic elements in the soil around landfill site in Shannan City, Tibet"
Xizang,Agricultural soils,0.12,2021.0,拉萨城区及周边农田土壤的主要性质和重金属分布初探
Xizang,Agricultural soils,0.343,2021.0,西藏地区蔬菜及产地环境重金属污染风险分析与评价
Xizang,Agricultural soils,0.448,,
Xizang,Natural soils,0.23,2021.0,拉萨巴嘎雪湿地土壤重金属分布及生态风险评价
Xizang,Natural soils,0.14,2022.0,麦地卡湿地土壤重金属分布特征和污染评价
Xizang,Urban soils,0.2,2022.0,军事训练场炮弹靶场土壤重金属污染特征及生态风险评价——以西藏某训练场为例
Xizang,Urban soils,0.1,2022.0,拉萨市城区土壤重金属分布特征及生态风险评价
Xizang,Mining/smelting soils,0.37,2024.0,拉萨某尾矿库土壤重金属污染特征及风险评价
Xizang,Urban soils,0.15,2024.0,青海-10
Xizang,Urban soils,0.12,,
Xizang,Urban soils,0.1,2024.0,基于蒙特卡罗模拟的拉萨城区土壤重金属健康风险评价
Xizang,Urban soils,0.22,2023.0,工布江达县不同功能区土壤重金属空间分布特征研究
Xizang,Mining/smelting soils,0.37,2024.0,拉萨矿区土壤重金属污染特征及潜在生态风险评估
Xizang,Mining/smelting soils,8.98,,
Xizang,Mining/smelting soils,0.37,,
Yunnan,Mining/smelting soils,18.85,2024.0,"Assessment of Heavy Metal(loid) Pollution and Human Health Risks Associated with a Mineral (Zn, Cu, and Sn Ores) Processing Plant in Yunnan, Southwest China"
Yunnan,Urban soils,1.062,,长江经济带
Yunnan,Urban soils,0.722,,
Yunnan,Urban soils,0.47,,
Yunnan,Agricultural soils,1.05,2021.0,An integrated method for source apportionment of heavy metal(loid)s in agricultural soils and model uncertainty analysis
Yunnan,Agricultural soils,34.9,2024.0,"Toxic Metal Soil Speciation, Corn Accumulation and Health Risk Assessment in Acidic red soil Farmland in Mineral Industry Area"
Yunnan,Agricultural soils,22.5,,
Yunnan,Agricultural soils,33.6,,
Yunnan,Agricultural soils,3.12,,
Yunnan,Agricultural soils,2.49,,
Yunnan,Mining/smelting soils,7.21,2024.0,Integrated exploration of heavy metal distribution characteristics and risk assessment of typical undeveloped mining area in Southwest China
Yunnan,Mining/smelting soils,6.15,2021.0,"Concentration and Spatial Distribution of Potentially Toxic Elements in Surface Soil of a Peak-Cluster Depression, Babao Town, Yunnan Province, China"
Yunnan,Mining/smelting soils,7.76,2024.0,Potentially toxic element source apportionment and risk assessment in agricultural soils around a large-scale Pb-Zn mine in Southwest China
Yunnan,Industrial soils,0.26,2022.0,"Spatial Distribution and Assessment of the Human Health Risks of Heavy Metals in a Retired Pharmaceutical Industrial Area, Southwest China"
Yunnan,Agricultural soils,0.116,2023.0,"Environmental Pollution Assessment of Heavy Metals in Soils and Crops in Xinping Area of Yunnan Province, China"
Yunnan,Agricultural soils,1.4,2023.0,Contamination levels of and potential risks from metal(loid)s in soil-crop systems in high geological background area
Yunnan,Agricultural soils,0.27,2022.0,"Contamination Levels and the Ecological and Human Health Risks of Potentially Toxic Elements (PTEs) in Soil of Baoshan Area, Southwest China"
Yunnan,Agricultural soils,0.74,2021.0,Source-specific ecological and health risks of potentially toxic elements in agricultural soils in Southern Yunnan Province and associated uncertainty analysis
Yunnan,Mining/smelting soils,0.35,2023.0,"Sources and risk assessment of soil heavy metals in typical tailings ponds of Mouding city, China"
Yunnan,Agricultural soils,3.17,2021.0,基于受体模型与地统计的更低土壤重金属污染源解析
Yunnan,Urban soils,0.2,2021.0,滇西地区土壤重金属来源解析及空间分布
Yunnan,Agricultural soils,1.24,2022.0,云南省某煤矿开采遗址周边农用地土壤重金属污染评价及源解析研究
Yunnan,Natural soils,0.22,2022.0,云南八角林地土壤重金属含量特征及潜在风险评价
Yunnan,Agricultural soils,1.19,2022.0,云南省宣威市农耕区土壤重金属元素分布影响因素及生态风险评价
Yunnan,Urban soils,1.71,2022.0,云南会泽东北部地区重金属环境污染评价
Yunnan,Agricultural soils,0.69,2022.0,云南某废弃硅厂周边农田土壤重金属污染评价
Yunnan,Mining/smelting soils,6.056666666666666,2022.0,云南某矿区小流域土壤重金属健康风险评价
Yunnan,Industrial soils,6.89,2023.0,基于蒙特卡罗模拟的铅锌冶炼厂周边农田土壤重金属健康风险评估
Yunnan,Industrial soils,0.79,2024.0,云贵高原西部偏远山地表层土壤重金属污染
Yunnan,Mining/smelting soils,23.29,2024.0,典型锡矿开采加工活动集中区域农田土壤重金属污染评价与源解析
Yunnan,Industrial soils,0.09,2024.0,铜选冶厂周边农田土壤重金属污染特征及来源解析
Yunnan,Industrial soils,24.6,2024.0,典型有色金属冶炼区重金属污染特征及生态风险评价
Yunnan,Mining/smelting soils,0.68,2024.0,滇东典型煤矿区土壤重金属生态风险及来源解析
Yunnan,Mining/smelting soils,0.64,2025.0,云南曲靖典型煤矿区土壤重金属污染潜在生态风险评价
Yunnan,Industrial soils,1.44,2021.0,滇西南锌厂周边农用地土壤重金属污染评价及来源解析
Yunnan,Urban soils,1.1,2022.0,昆明市土壤重金属污染特征及其生态与健康风险评价
Yunnan,Urban soils,0.19,2022.0,滇中武定高桥镇土地质量地球化学评价
Yunnan,Mining/smelting soils,2.29,2024.0,黔中磷矿区土壤重金属污染及其生态风险评价
Yunnan,Urban soils,1.81,2025.0,宣威地区土壤重金属潜在污染风险评价及影响因素解析
Yunnan,Mining/smelting soils,0.64,2025.0,云南曲靖典型煤矿区土壤重金属污染潜在生态风险评价
Chongqing,Natural soils,1.89,2021.0,"Heavy metal(loid) and Pb isotope compositions of black shale weathering profiles on the northern Yangtze Platform: insights into geochemical behavior, contamination assessment, and source apportionment"
Chongqing,Urban soils,0.305,2022.0,长江经济带
Chongqing,Agricultural soils,1.68,2023.0,"Geochemical accumulation and source tracing of heavy metals in arable soils from a black shale catchment, southwestern China"
Chongqing,Agricultural soils,0.6,2024.0,"Assessment of heavy metal(oid) pollution and related health risks in agricultural soils surrounding a coal gangue dump from an abandoned coal mine in Chongqing, Southwest China"
Chongqing,Industrial soils,0.44,2024.0,Heavy metal pollution in agricultural soils from surrounding industries with low emissions: Assessing contamination levels and sources
Chongqing,Agricultural soils,0.39,2021.0,Human health risk visualization of potentially toxic elements in farmland soil: A combined method of source and probability
Chongqing,Agricultural soils,0.3,2021.0,黔江区农用地土壤重金属环境质量及生态风险评价
Chongqing,Mining/smelting soils,2.97325,2021.0,渝西某煤矿区土壤重金属污染程度及其特征分析
Chongqing,Urban soils,0.28,2021.0,重庆市主城区土壤重金属形态特征及风险评价
Chongqing,Agricultural soils,0.39,2021.0,农地土壤重金属Pb和Cd有效性测定方法的筛选与评价
Chongqing,Agricultural soils,0.4,,
Chongqing,Agricultural soils,0.45,,
Chongqing,Agricultural soils,0.42,,
Chongqing,Agricultural soils,0.44,2021.0,汞矿区周边土壤重金属空间分布特征、污染与生态风险评价
Chongqing,Mining/smelting soils,2.39,2022.0,重庆市某矿区煤矸山周边耕地土壤重金属分布特征与污染评价
Chongqing,Mining/smelting soils,0.38,,
Chongqing,Mining/smelting soils,10.4,2022.0,某铅锌尾矿库周边土壤重金属污染特征及其来源分析
Chongqing,Mining/smelting soils,0.83,2022.0,重庆市煤矸山周边农用地土壤重金属污染评价和定量溯源解析
Chongqing,Agricultural soils,0.8799999999999999,2022.0,重庆汞矿区耕地土壤和农作物重金属污染状况及健康风险评价
Chongqing,Urban soils,0.72,2022.0,海绵城市生物滞留带重金属污染特征及风险评价
Chongqing,Agricultural soils,0.28,2022.0,垫江县农用地土壤潜在重金属毒性污染评价及源解析
Chongqing,Agricultural soils,0.395,2022.0,典型锰矿区周边农田土壤重金属污染风险评价及其来源分析
Chongqing,Agricultural soils,0.55,2023.0,基于蒙特卡罗模拟的煤矸山周边农用地土壤重金属健康风险评估
Chongqing,Agricultural soils,0.39,2024.0,重庆某农业集中区土壤重金属污染评价与来源解析
Chongqing,Mining/smelting soils,0.37,2024.0,基于源导向的锰矿尾矿库周边土壤重金属风险评估
Chongqing,Mining/smelting soils,0.21,2024.0,重庆某铁矿区周边耕地土壤重金属污染评价及来源解析
Chongqing,Urban soils,0.33,2023.0,重庆市垫江南部土壤重金属污染及潜在生态风险评价
Chongqing,Urban soils,1.7,2024.0,重庆城口地区黑色页岩风化土壤重金属元素的富集特征和健康风险评价
Xichuan,Agricultural soils,0.41,2021.0,"Analysis of the spatial distribution of heavy metals in an area of farmland in Sichuan province, China"
Xichuan,Mining/smelting soils,4.45,2021.0,"Effect of different industrial activities on soil heavy metal pollution, ecological risk, and health risk"
Xichuan,Mining/smelting soils,0.07,,
Xichuan,Mining/smelting soils,0.26,,
Xichuan,Mining/smelting soils,0.09,,
Xichuan,Mining/smelting soils,0.26,,
Xichuan,Mining/smelting soils,1.1,,
Xichuan,Urban soils,0.25,,长江经济带
Xichuan,Urban soils,0.211,,
Xichuan,Urban soils,0.553,,
Xichuan,Urban soils,0.458,,
Xichuan,Urban soils,0.306,,
Xichuan,Urban soils,0.248,,
Xichuan,Urban soils,0.298,,
Xichuan,Urban soils,0.259,,
Xichuan,Urban soils,0.348,,
Xichuan,Urban soils,0.334,,
Xichuan,Urban soils,0.283,,
Xichuan,Urban soils,0.295,,
Xichuan,Urban soils,0.415,,
Xichuan,Urban soils,0.464,,
Xichuan,Industrial soils,0.2,2024.0,"Distribution Characteristics, Source Analysis of Heavy Metal(oid)s, and Ecological and Health Risk Assessment around Shale Gas Extraction Platform in Sichuan, China"
Xichuan,Agricultural soils,0.221,2022.0,Spatial distribution characteristics of heavy metal(loid)s health risk in soil at scale on town level
Xichuan,Agricultural soils,0.84,2022.0,"Health risk assessment of heavy metals in soils and food crops from a coexist area of heavily industrialized and intensively cropping in the Chengdu Plain, Sichuan, China"
Xichuan,Industrial soils,1.66,2022.0,"Pollution Characteristics, Spatial Distribution, and Health Risk Assessment of Soil Heavy Metal(loid)s in Panxi District, Southwest China: A Typical Industrial City"
Xichuan,Agricultural soils,0.81,2021.0,Source Identification of Cd and Pb in Typical Farmland Topsoil in the Southwest of China: A Case Study
Xichuan,Industrial soils,11.33,2025.0,Spatial distribution characteristics and comprehensive assessment of environmental and health risks of heavy metal contaminated soil around an industrial area
Xichuan,Industrial soils,0.96,2021.0,"Contamination, sources and health risk of heavy metals in soil and dust from different functional areas in an industrial city of Panzhihua City, Southwest China"
Xichuan,Industrial soils,1.6,2024.0,"Evaluation and Source Apportionment on Potentially Toxic Elements Pollution of Agricultural Soil in Mango Planting Areas in Panzhihua City, China"
Xichuan,Industrial soils,0.28,2021.0,"Distribution and ecological risk assessment of arsenic and some trace elements in soil of different land use types, Tianba Town, China"
Xichuan,Industrial soils,0.25,,
Xichuan,Industrial soils,0.25,,
Xichuan,Industrial soils,0.25,,
Xichuan,Industrial soils,0.26,,
Xichuan,Agricultural soils,0.18,2024.0,"Quantification of sources and potential risks of cadmium, chromium, lead, mercury and arsenic in agricultural soils in a rapidly urbanizing region of southwest China: the case of Chengdu"
Xichuan,Agricultural soils,0.3,,
Xichuan,Agricultural soils,0.4,2024.0,"Pollution Characteristics and Risk Assessment of Heavy Metals in Dujiangyan Irrigation District, China"
Xichuan,Agricultural soils,0.19,2024.0,"Ecological risk and spatial distribution, sources of heavy metals in typical purple soils, southwest China"
Xichuan,Mining/smelting soils,0.59,2022.0,"Pollution characteristics and probabilistic health risk of potentially hazardous elements in soils near a typical coal mine in Panzhihua City, Southwest China"
Xichuan,Urban soils,0.29,2023.0,Soil potentially toxic element pollution at different urbanization intensities: Quantitative source apportionment and source-oriented health risk assessment
Xichuan,Urban soils,0.33,,
Xichuan,Urban soils,0.33,,
Xichuan,Natural soils,0.84,2024.0,"Pollution level and distribution characteristics of heavy metals and microplastics in the soils from the Qionghai Lake Wetland, Southwest China"
Xichuan,Natural soils,0.51,2021.0,雅安某化工厂周边土壤重金属的污染状况及污染评价研究
Xichuan,Industrial soils,0.53,2021.0,成都市工业区绿地土壤重金属形态分布特征及生态风险评价
Xichuan,Urban soils,0.77,2021.0,基于乡镇尺度的农田土壤中污染物来源解析及风险评价
Xichuan,Urban soils,1.07,,
Xichuan,Industrial soils,2.96,2022.0,典型工业园区周边农田土壤重金属污染及生态危害评价
Xichuan,Natural soils,0.27,2022.0,金沙江攀枝花河段土壤重金属污染状况及生态风险评价
Xichuan,Natural soils,0.22,,
Xichuan,Natural soils,0.29,,
Xichuan,Mining/smelting soils,0.79,2022.0,攀枝花煤矿区周围农田重金属污染特征及风险分析
Xichuan,Agricultural soils,0.39,2022.0,山地平原过渡带耕地土壤重金属空间特征及潜在生态风险因素探析
Xichuan,Urban soils,0.28,2022.0,城乡融合区土壤元素地球化学特征与源解析：以天府新区青龙片区为例
Xichuan,Urban soils,4.04,2023.0,成都市不同功能区表层土壤中重金属元素分布特征及风险评价
Xichuan,Agricultural soils,1.09,2023.0,磷化工区农田土壤重金属的空间变化与源解析
Xichuan,Industrial soils,0.62,2023.0,雅西某铅锌冶炼企业周边土壤重金属污染及生态风险评价
Xichuan,Industrial soils,11.05,2023.0,四川铅锌冶炼工业区周边土壤重金属地球化学特征及源解析
Xichuan,Mining/smelting soils,1.17,2024.0,攀西某工矿区农田土壤重金属污染特征及环境现状
Xichuan,Mining/smelting soils,36.23,2021.0,某区域内矿区土壤重金属污染与生态风险评价
Xichuan,Mining/smelting soils,1.09,,
Xichuan,Agricultural soils,0.34,2021.0,中国西南典型地质背景区土壤重金属分布及生态风险特征
Xichuan,Mining/smelting soils,0.19,2021.0,川西九龙地区锂铍矿区土壤重金属分布特征及生态风险评价
Xichuan,Agricultural soils,1.03,2022.0,江安县红桥镇典型煤矿周边农田土壤重金属污染及生态风险评价
Xichuan,Mining/smelting soils,3.99,2022.0,攀枝花钒钛矿区土壤重金属健康风险研究
Xichuan,Industrial soils,2.96,2022.0,典型工业园区周边农田土壤重金属污染及生态危害评价
Xichuan,Industrial soils,0.3,2023.0,四川省典型工业园区周边土壤重金属风险评价及来源分析
Xichuan,Agricultural soils,0.29,2024.0,川东丘陵区农田土壤重金属污染分析及生态风险评价
Xichuan,Industrial soils,5.49,2024.0,四川攀西地区典型金属采选与冶炼企业周边农用地重金属污染评价及来源解析
Henan,Industrial soils,2.6,2023.0,"Spatial Distribution and Risk Assessment of Heavy Metal(oid)s Contamination in Topsoil around a Lead and Zinc Smelter in Henan Province, Central China"
Henan,Agricultural soils,0.21,2023.0,"Spatial Distribution, Contamination Assessment and Origin of Soil Heavy Metals in the Danjiangkou Reservoir, China"
Henan,Urban soils,0.22,2024.0,Spatial distribution characteristics and pollution evaluation of soil heavy metals in Wulongdong National Forest Park
Henan,Urban soils,0.15,2024.0,湖北6
Henan,Natural soils,5.93,2024.0,"Evaluation of Heavy Metal Contamination and Associated Human Health Risk in Soils around a Battery Industrial Zone in Henan Province, Central China"
Henan,Natural soils,2.04,,
Henan,Mining/smelting soils,4.28,2022.0,"Metal(loid)s Spatial Distribution, Accumulation, and Potential Health Risk Assessment in Soil-Wheat Systems near a Pb/Zn Smelter in Henan Province, Central China"
Henan,Mining/smelting soils,0.73,2023.0,"Ecological risk assessment and early warning of heavy metal cumulation in the soils near the Luanchuan molybdenum polymetallic mine concentration area, Henan Province, central China"
Henan,Mining/smelting soils,5.87,2021.0,"Heavy metal pollution characteristics and health risk evaluation of soil around a tungsten-molybdenum mine in Luoyang, China"
Henan,Natural soils,0.22,2025.0,"Soil heavy metals assessment of the Zhoukou riparian zone base of Shaying river basin, China: spatial distribution, source analysis and ecological risk"
Henan,Natural soils,0.3,2023.0,Analysis and pollution evaluation of heavy metal content in soil of the Yellow River Wetland Reserve in Henan
Henan,Natural soils,0.11,2025.0,"Content, Distribution, and Risk Assessment of Heavy Metals in Sandy Soils of the Ancient Yellow River Course"
Henan,Natural soils,0.13,,
Henan,Natural soils,1.27,2022.0,Heavy metal pollution and risk assessment of farmland soil around abandoned domestic waste dump in Kaifeng City
Henan,Agricultural soils,0.14,2024.0,Health Risk Assessment for Potential Toxic Elements in the Soil and Rice of Typical Paddy Fields in Henan Province
Henan,Industrial soils,0.48,2022.0,"Heavy metals (HMs) in soils of different land-use types in Zhengzhou, China: Occurrence, source and ecological risk"
Henan,Urban soils,0.27,,
Henan,Agricultural soils,0.18,,
Henan,Urban soils,0.43,2023.0,"Heavy metals pollution of soil in central plains urban agglomeration (CPUA), China: human health risk assessment based on Monte Carlo simulation"
Henan,Urban soils,0.4,,
Henan,Urban soils,0.32,,
Henan,Urban soils,0.22,2022.0,"Contamination and source-specific risk analysis of soil heavy metals in a typical coal industrial city, central China"
Henan,Urban soils,0.16,,
Henan,Agricultural soils,1.67,2021.0,典型矿区农用地土壤重金属污染评价分区探讨
Henan,Agricultural soils,0.27,2021.0,平顶山市火葬场周边农田土壤重金属空间分布、富集与来源分析
Henan,Industrial soils,0.71,2021.0,安阳市大型工业区和周围社区土壤中重金属污染特征及健康风险评价
Henan,Industrial soils,0.72,,
Henan,Agricultural soils,0.16,2021.0,南阳盆地东部山区土壤重金属分布特征及生态风险评价
Henan,Industrial soils,2.56,2021.0,河南省典型工业区周边农田土壤重金属分布特征及风险评价
Henan,Natural soils,0.18,2022.0,豫境黄淮海平原土壤重金属背景值研究
Henan,Urban soils,4.61,2022.0,商丘市不同建设用地分区土壤重金属污染特征及评价
Henan,Agricultural soils,0.07,2023.0,城市郊区典型区块农田土壤重金属污染风险评估——以郑州为例
Henan,Natural soils,0.38,2023.0,黄河下游悬河段饮用水源地土壤重金属污染、来源及健康风险
Henan,Mining/smelting soils,1.26,2023.0,河南栾川县钼矿区周边农田土壤重金属污染特征与健康风险评价
Henan,Mining/smelting soils,0.43,2023.0,豫西金矿集区矿业活动对周边农田土壤重金属影响研究
Henan,Industrial soils,12.96,2023.0,三门峡某铅厂遗留场地土壤重金属空间分布特征及来源解析
Henan,Agricultural soils,0.21,2024.0,河南荥阳市耕地土壤重金属分布特征及来源解析
Henan,Mining/smelting soils,3.41,2024.0,洛阳市栾川县矿区周边土壤重金属污染特征、来源与生态风险评价
Henan,Industrial soils,2.76,2025.0,河南省北部某开发区周边耕地土壤重金属风险评价及源解析
Henan,Urban soils,0.19,2021.0,河南省永城市表层土壤重金属地球化学基线值厘定及其累积特征
Henan,Urban soils,0.19,2022.0,豫北某市土壤重金属来源解析及生态风险评价
Henan,Mining/smelting soils,0.36,2022.0,焦作演马煤矿区土壤重金属空间分布与污染评价
Henan,Mining/smelting soils,1.88,2022.0,豫西某钼矿尾矿库土壤重金属污染特征及潜在生态风险评价
Henan,Industrial soils,0.14,2024.0,豫西典型工业区周边农田土壤重金属污染特征、生态风险与来源解析
Henan,Agricultural soils,0.34,2024.0,豫西金矿邻近区农田土壤重金属污染特征及来源解析
Hebei,Industrial soils,1.4,2021.0,Spatial Contamination and Potential Ecological Risk Assessment of Heavy Metals in Farmland Soil around Nonferrous Metal Smeltery in North China
Hebei,Industrial soils,0.53,,
Hebei,Agricultural soils,0.19,2022.0,"Ecological Risk, Input Flux, and Source of Heavy Metals in the Agricultural Plain of Hebei Province, China"
Hebei,Industrial soils,0.69,2021.0,Evaluation of redevelopment priority of abandoned industrial and mining land based on heavy metal pollution
Hebei,Industrial soils,0.1,2023.0,"Variation in pollution status, sources, and risks of soil heavy metals in regions with different levels of urbanization"
Hebei,Agricultural soils,0.18,2022.0,"Ecological and Health Risk Assessment of Heavy Metals in Farmland in the South of Zhangbei County, Hebei Province, China"
Hebei,Agricultural soils,0.2,,
Hebei,Urban soils,0.27,2021.0,Source Apportionment of Topsoil Heavy Metals and Associated Health and Ecological Risk Assessments in a Typical Hazy City of the North China Plain
Hebei,Industrial soils,0.31,2022.0,Source tracing of potentially toxic elements in soils around a typical coking plant in an industrial area in northern China
Hebei,Industrial soils,0.48,,
Hebei,Industrial soils,1.42,2021.0,雄安新区企业周边农田土壤-作物系统重金属污染风险及累积效应
Hebei,Urban soils,0.92,2021.0,雄安新区某金属冶炼区土壤重金属污染程度及风险评价
Hebei,Agricultural soils,0.68,2021.0,雄安新区西南部土壤重金属污染特征及生态风险评价
Hebei,Urban soils,0.22,2022.0,雄安新区土壤地球化学特征及控制因素
Hebei,Urban soils,0.2,2022.0,白洋淀内不同土地利用类型土壤重金属分布特征与污染评价
Hebei,Agricultural soils,0.14,2022.0,香河县农田土壤重金属污染生态与健康风险评价
Hebei,Industrial soils,0.1783333333333333,2022.0,燃煤电厂重金属排放与周边土壤中重金属污染特征及健康风险
Hebei,Urban soils,0.18,2022.0,白洋淀及周边土壤重金属的分布特征及生态风险评估
Hebei,Urban soils,1.59,2022.0,河北阜平县表层土壤重金属对人体健康的风险评估
Hebei,Urban soils,0.16,2023.0,京津冀地区永清县土壤重金属地球化学特征及绿色食品产地的土壤质量评价
Hebei,Urban soils,0.23,2023.0,华北典型工矿城镇土壤重金属来源解析及潜在生态风险评价
Hebei,Mining/smelting soils,1.75,2024.0,河北省典型铅锌矿区重金属来源解析及生态风险评价
Hebei,Urban soils,0.74,2022.0,保定市主城区不同类型绿地土壤化学性质及重金属污染
Hebei,Urban soils,0.16,2023.0,河北省某市工业用地土壤重金属污染现状及风险评估
Hebei,Urban soils,0.22,2024.0,北京市昌平区南口镇土壤重金属污染风险评估及来源分析
Anhui,Industrial soils,0.41,2021.0,Characteristics and potential ecological risks of heavy metalpollution in surface soil aroundcoal-fired power plant
Anhui,Urban soils,0.25,,长江经济带
Anhui,Urban soils,0.154,,
Anhui,Urban soils,0.546,,
Anhui,Urban soils,0.129,,
Anhui,Urban soils,0.159,,
Anhui,Urban soils,0.135,,
Anhui,Urban soils,0.134,,
Anhui,Urban soils,0.11,,
Anhui,Urban soils,0.306,,
Anhui,Urban soils,0.618,,
Anhui,Urban soils,0.336,,
Anhui,Urban soils,0.171,,
Anhui,Urban soils,0.264,,
Anhui,Agricultural soils,0.15,2023.0,"Environmental geochemical baseline determination and pollution assessment of heavy metals in farmland soil of typical coal-based cities: A case study of Suzhou City in Anhui Province, China"
Anhui,Mining/smelting soils,0.22,2021.0,Characteristics of Soil Heavy Metal Contents and Its Source Analysis in Affected Areas of Luning Coal Mine in Huaibei Coalfield
Anhui,Agricultural soils,0.14,2024.0,"Spatial Distribution, Source Analysis, and Health Risk Assessment of Heavy Metals in the Farmland of Tangwang Village, Huainan City, China"
Anhui,Agricultural soils,0.11,2023.0,"CHEMICAL SPECIATION AND RISK ASSESSMENT OF TRACE ELEMENTS IN THE SOIL OF THE AGRICULTURAL AREA IN HUAINAN, CHINA"
Anhui,Mining/smelting soils,0.27,2024.0,"Geochemical characteristics and health risks of heavy metals in agricultural soils and crops from a coal mining area in Anhui province, China"
Anhui,Mining/smelting soils,0.14,2023.0,"Characterization and Ecological Risk Assessment of Toxic Metal Contaminants in the Soil Around the Coal Gangue Hill in Huainan, Central China"
Anhui,Agricultural soils,0.17,2021.0,Geochemical Baseline Establishment and Source-Oriented Ecological Risk Assessment of Heavy Metals in Lime Concretion Black Soil from a Typical Agricultural Area
Anhui,Mining/smelting soils,0.09,2021.0,"Risks Assessment Associated with Different Sources of Metals in Abandoned Soil of Zhuxianzhuang Coal Mine, Huaibei Coalfield (Anhui, China)"
Anhui,Mining/smelting soils,0.09,,
Anhui,Mining/smelting soils,0.11,,
Anhui,Mining/smelting soils,0.1,2021.0,"Quantitative Contributions of the Sources, Contamination and Ecological Risk of Heavy Metals in Soils from a Closed Coal Mine of Huaibei Coalfield, Eastern China"
Anhui,Urban soils,0.39,2021.0,宿州市煤矿区土壤重金属地球化学基线及污染评价研究
Anhui,Mining/smelting soils,0.4,2021.0,皖江经济带土壤Cd空间分布特征与生态风险评价
Anhui,Mining/smelting soils,0.66,,
Anhui,Mining/smelting soils,0.84,,
Anhui,Agricultural soils,0.18,2021.0,皖北煤矿区农田土壤-小麦中重金属分布特征及健康风险评价
Anhui,Urban soils,5.65,2022.0,有色金属矿业城市典型村镇土壤重金属污染评价及来源解析
Anhui,Urban soils,0.4,2022.0,安徽省宣城市南部地区土壤重金属元素地球化学特征
Anhui,Urban soils,0.11,2022.0,垃圾填埋场渗滤液泄漏区域土壤重金属空间分布特征及健康风险评价
Anhui,Urban soils,0.13,2023.0,滁州市表层土壤重金属含量特征、源解析及污染评价
Anhui,Mining/smelting soils,1.03,2024.0,安徽铜陵典型矿区周边土壤重金属污染评价及来源解析
Anhui,Industrial soils,1.09,2025.0,皖北某工业园黑色金属铸造类企业厂区土壤污染特征及评价
Anhui,Agricultural soils,0.2,2025.0,长江流域安庆市耕地土壤重金属污染特征、潜在生态风险及来源
Anhui,Mining/smelting soils,0.28,2025.0,典型煤矸石堆积区土壤重金属特定源健康风险评价及优先控制源分析
Anhui,Urban soils,0.5,2025.0,安徽池州地区土壤重金属污染特征和源解析
Anhui,Urban soils,0.24,2022.0,安徽省宣州区土壤重金属污染风险评估及来源分析
Anhui,Urban soils,0.12,2022.0,合肥市及其郊区土壤重金属富集特征及来源解析
Anhui,Mining/smelting soils,2.14,2023.0,安徽大矾山废弃矾矿区土壤重金属污染特征与健康风险评价
Anhui,Industrial soils,0.16,2023.0,六安市各工业园区土壤及地下水污染状况调查及分析
Anhui,Urban soils,0.5,2025.0,安徽池州地区土壤重金属污染特征和源解析
Anhui,Industrial soils,1.09,2025.0,皖北某工业园黑色金属铸造类企业厂区土壤污染特征及评价
Shanghai,Agricultural soils,0.11,2023.0,Heavy metal contamination in Shanghai agricultural soil
Shanghai,Urban soils,0.23,2022.0,Estimation of the accumulation rates and health risks of heavy metals in residential soils of three metropolitan cities in China
Shanghai,Urban soils,1.09,,
Shanghai,Urban soils,0.19,,
Shanghai,Agricultural soils,0.2,,
Shanghai,Urban soils,0.352,,长江经济带
Shanghai,Industrial soils,2.8,2023.0,"Source Apportionment and Health Risk Assessment of Heavy Metals in Soils of Old Industrial Areas—A Case Study of Shanghai, China"
Shanghai,Industrial soils,1.3,,
Shanghai,Urban soils,0.3,2021.0,Health risk assessment of heavy metal(loid)s in park soils of the largest megacity in China by using Monte Carlo simulation coupled with Positive matrix factorization model
Shanghai,Urban soils,0.19,2024.0,"Characteristics, Source Apportionment, and Health Risk of Heavy Metals in the Soils of Peri-urban Shanghai Chongming Island"
Shanghai,Urban soils,0.4,2021.0,上海城市中心区不同类型绿地土壤重金属污染特征
Shanghai,Agricultural soils,0.18,2022.0,崇明岛农田土壤重金属分布特征及生态风险
Shanghai,Natural soils,0.08,2022.0,长江口新成陆区域土壤重金属分布及风险评价——以上海市横沙东滩为例
Shanghai,Urban soils,0.22,2022.0,基于GIS的上海市不同功能区土壤重金属污染评价及健康风险评估
Shanghai,Industrial soils,0.13,2023.0,典型危废处置利用企业周边土壤重金属分布特征、来源及风险评价
Shanghai,Industrial soils,0.27,2023.0,城市工业区土壤重金属累积特征与来源解析——以上海市闵行区典型工业区为例
Beijing,Urban soils,19.6,2022.0,Estimation of the accumulation rates and health risks of heavy metals in residential soils of three metropolitan cities in China
Beijing,Urban soils,32.8,,
Beijing,Agricultural soils,22.64,,
Beijing,Mining/smelting soils,1.63,2024.0,Exploring the accumulation capacity of dominant plants based on soil heavy metals forms and assessing heavy metals contamination characteristics near gold tailings ponds
Beijing,Mining/smelting soils,725.68,,
Beijing,Natural soils,0.16,2021.0,"The Levels, Sources, and Spatial Distribution of Heavy Metals in Soils from the Drinking Water Sources of Beijing, China"
Beijing,Industrial soils,0.08,2025.0,"Spatial Distribution and Quantitative Source Identification of Heavy Metals in Soil of a Typical Industrial Park, East of China "
Beijing,Urban soils,0.14,2024.0,Prediction of soil heavy metal contents in urban residential areas and the strength of deep learning: A case study of Beijing
Beijing,Urban soils,0.2,2024.0,Investigating the heavy-metal concentrations in soils from rainwater-harvesting green spaces in Beijing
Beijing,Urban soils,0.25,,
Beijing,Urban soils,0.09,,
Beijing,Urban soils,0.24,,
Beijing,Urban soils,0.26,,
Beijing,Mining/smelting soils,0.99,2021.0,"Pollution Assessment of Potentially Toxic Elements (PTEs) in Soils around the Yanzhuang Gold Mine Tailings Pond, Pinggu County, Beijing, China"
Beijing,Mining/smelting soils,4.09,2021.0,"Spatial distribution and risk assessment of pollutants in a tailings pond for gold mining in Pinggu District, Beijing, China"
Beijing,Urban soils,0.19,2023.0,Influencing factors identification and the nested structure analysis of heavy metals in soils in entire city and surrounding the multiple pollution sources
Beijing,Mining/smelting soils,2.8,2021.0,北京某金矿区土壤重金属污染特征及风险评价
Beijing,Industrial soils,0.11,2021.0,北京市海淀区某些重点企业周边表层土壤重金属污染风险评价与变化趋势研究
Beijing,Industrial soils,0.09,,
Beijing,Industrial soils,0.07,,
Beijing,Urban soils,0.17,2021.0,北京平原区土壤地球化学特征及影响因素分析
Beijing,Urban soils,0.15,2022.0,北京市延庆区土壤重金属元素地球化学特征及其来源分析
Beijing,Urban soils,0.19,2024.0,北京市房山区土壤重金属元素分布、富集特征及来源解析
Beijing,Urban soils,0.53,2024.0,北京市通州区绿地土壤重金属源解析及风险评价
Beijing,Mining/smelting soils,0.15,2024.0,北京房山煤矿区土壤重金属元素地球化学分布特征及源解析
Beijing,Urban soils,0.15,2025.0,基于土壤-人体系统的城市用地重金属污染和健康风险评价：以北京城市副中心为例
Beijing,Urban soils,0.17,2022.0,北京东南郊土壤重金属元素分布及其在表层土壤中的富集特征
Tianjin,Agricultural soils,0.24,2021.0,"Source analysis of heavy metal pollution in agricultural soil irrigated with sewage in Wuqing, Tianjin"
Tianjin,Agricultural soils,0.15,2022.0,Accumulation Characteristics and Pollution Evaluation of Soil Heavy Metals in Different Land Use Types: Study on the Whole Region of Tianjin
Tianjin,Urban soils,0.23,2021.0,武清区典型蔬菜种植区土壤中间数的风险评估和空间分布特征
Tianjin,Urban soils,0.4,2021.0,天津市某校园土壤中重金属污染研究及其评价
Tianjin,Agricultural soils,0.23,2024.0,天津市农田土壤重金属来源及健康风险评价
Tianjin,Urban soils,0.39,2021.0,天津市城区不同功能区绿地土壤重金属分布特征及来源研究
Tianjin,Agricultural soils,0.55,2023.0,天津市设施蔬菜土壤质量调查研究
Tianjin,Urban soils,0.26,2023.0,天津市环城四区绿地重金属含量特征及生态风险评价
Tianjin,Agricultural soils,0.83,2025.0,天津市某地区农用地表层土壤重金属污染评价及含量预测分析
Tianjin,Urban soils,0.22,2025.0,津南区土壤地球化学背景值与元素组合特征
Hubei,Urban soils,0.358,,长江经济带
Hubei,Urban soils,0.292,,
Hubei,Urban soils,0.234,,
Hubei,Urban soils,5.222,,
Hubei,Urban soils,0.258,,
Hubei,Urban soils,0.367,,
Hubei,Urban soils,0.168,,
Hubei,Urban soils,0.34,,
Hubei,Urban soils,0.226,,
Hubei,Urban soils,0.313,,
Hubei,Urban soils,0.151,,
Hubei,Urban soils,0.228,,
Hubei,Mining/smelting soils,2.56,2022.0,"Spatial Distribution, Pollution Characteristics and Source of Heavy Metals in Farmland Soils around Antimony Mine Area, Hunan Province"
Hubei,Agricultural soils,2.1,2021.0,"Distribution, source identification, and health risk assessment of heavy metals in the soil-rice system of a farmland protection area in Hubei Province, Central China"
Hubei,Industrial soils,186.4,2021.0,Comprehensive exploration of heavy metal contamination and risk assessment at two common smelter sites
Hubei,Urban soils,2.52,2023.0,Characteristics of Soil Heavy Metal Pollution and Health Risk Assessment in Urban Parks at a Megacity of Central China
Hubei,Natural soils,0.16,2024.0,Accumulation Pattern and Potential Ecological Risk of Heavy Metals in Topsoil as Affected by Diverse Sources in Different Ecosystems in Western Dabie Mountain
Hubei,Agricultural soils,0.31,2023.0,Application of Pb Isotopes and REY Patterns in Tracing Heavy Metals in Farmland Soils from the Upper-Middle Area of Yangtze River
Hubei,Agricultural soils,0.46,,
Hubei,Agricultural soils,0.42,,
Hubei,Agricultural soils,0.14,2021.0,"Source Apportionment and Ecological Risk Assessment of Potentially Toxic Elements in Cultivated Soils of Xiangzhou, China: A Combined Approach of Geographic Information System and Random Forest"
Hubei,Agricultural soils,0.99,2022.0,Imposed by urbanization on soil heavy metal content of lake wetland and evaluation of ecological risks in East Dongting Lake
Hubei,Urban soils,0.79,2025.0,Exploring the Spatial Distribution Characteristics of Urban Soil Heavy Metals in Different Levels of Urbanization
Hubei,Urban soils,1.7,,
Hubei,Industrial soils,0.19,2024.0,Integrated assessment of the pollution and risk of heavy metals in soils near chemical industry parks along the middle Yangtze River
Hubei,Agricultural soils,2.9,2021.0,"Pollution Characteristics and Associated Risk Assessment of Heavy Metals in Farmland Soils From a Typical County of Hubei Province, Central China"
Hubei,Mining/smelting soils,1.34,2023.0,Source-oriented probabilistic health risk assessment of soil potentially toxic elements in a typical mining city
Hubei,Industrial soils,0.32,2022.0,Ecological risk and health risk analysis of soil potentially toxic elements from oil production plants in central China
Hubei,Agricultural soils,1.46,2023.0,Identiﬁcation and hazard analysis of heavy metal sources in agricultural soils in ancient mining areas: A quantitative method based on the receptor model and risk assessment
Hubei,Agricultural soils,0.2,2022.0,"Geochemical baseline assessment and ecological risk evaluation of potentially toxic elements in soils: a case in Han River, China"
Hubei,Mining/smelting soils,1.46,2024.0,Source-specific probabilistic contamination risk and health risk assessment of soil heavy metals in a typical ancient mining area
Hubei,Mining/smelting soils,0.1,2023.0,Assessment of Potentially Toxic Elements Pollution and Human Health Risks in Polluted Farmland Soils around Distinct Mining Areas in China—A Case Study of Chengchao and Tonglushan
Hubei,Mining/smelting soils,2.0,,
Hubei,Mining/smelting soils,9.0,2023.0,New insight into the geochemical mechanism and behavior of heavy metals in soil and dust fall of a typical copper smelter
Hubei,Industrial soils,0.97,2021.0,某工业区土壤重金属污染及生态价值损失评估
Hubei,Urban soils,0.55,2021.0,黄石市城市边缘区土壤重金属分布特征、风险评价及溯源分析
Hubei,Urban soils,0.76,,
Hubei,Urban soils,0.48,,
Hubei,Industrial soils,1.65,2021.0,典型高新技术产业开发区土壤重金属污染物来源及生态风险和产业工人健康风险评价
Hubei,Urban soils,1.24,,
Hubei,Industrial soils,3.55,2021.0,黄石市某地区土壤重金属污染状况研究
Hubei,Urban soils,0.52,2021.0,武汉集中式饮用水源地土壤重金属的时空分布特征及生态风险评价
Hubei,Urban soils,4.02,2022.0,黄石市绿地土壤重金属污染风险评价及来源解析
Hubei,Mining/smelting soils,0.2,2022.0,钒钛磁铁矿区农用地污染特征及风险评价
Hubei,Industrial soils,0.21,2022.0,典型石油场地周边土壤重金属形态特征及源解析
Hubei,Mining/smelting soils,2.0,2023.0,大冶古铜矿遗址周边农田土壤重金属污染及潜在生态风险评价
Hubei,Mining/smelting soils,0.37,2023.0,程潮矿区周边土壤重金属污染风险评价和健康风险评估
Hubei,Industrial soils,10.73,2024.0,铜铁矿冶炼区周边土壤镉的健康风险评价研究
Hubei,Urban soils,0.36,2024.0,江汉平原北部典型农业区表层土壤重金属生态风险评价与来源解析
Hunan,Industrial soils,2.31,2021.0,ldentifying the Source of Heavy Metal Pollution and Apportionment in Agricultural Soils Impacted by Different Smelters in China by the Positive Matrix Factorization Model and the Pb lsotope Ratio Method
Hunan,Urban soils,0.336,,长江经济带
Hunan,Urban soils,1.886,,
Hunan,Urban soils,2.479,,
Hunan,Urban soils,0.601,,
Hunan,Urban soils,0.391,,
Hunan,Urban soils,1.306,,
Hunan,Urban soils,0.529,,
Hunan,Urban soils,0.297,,
Hunan,Urban soils,0.809,,
Hunan,Urban soils,3.575,,
Hunan,Mining/smelting soils,1.4,2022.0,Spatial distribution and ecological risk assessment of heavy metals in manganese (Mn) contaminated site
Hunan,Mining/smelting soils,3.2,2023.0,"Heavy Metals in Soil around a Typical Antimony Mine Area of China: Pollution Characteristics, Land Cover Influence and Source Identification"
Hunan,Industrial soils,556.9,2021.0,湖北4
Hunan,Mining/smelting soils,2.88,2023.0,"Quantitative source identification, risk assessment and pollution of heavy metals in soils around a typical Sb smelter in central and southern China"
Hunan,Agricultural soils,4.22,2022.0,Heavy metal pollution characteristics and potential ecological risk assessment of soils around three typical antimony mining areas and watersheds in China
Hunan,Agricultural soils,15.65,,
Hunan,Agricultural soils,0.4,,
Hunan,Agricultural soils,1.31,2021.0,"Assessing the Risk of Total and Available Potentially Toxic Elements in Agricultural Soil in Typical Mining Areas in Xiangjiang River Basin, Hunan Province"
Hunan,Agricultural soils,0.42,2024.0,"Spatial pattern, source apportionment, and source-oriented health risk quantifying of heavy metals in farmland soils of southern China"
Hunan,Agricultural soils,0.53,2022.0,"Spatial Distribution, Contamination Feature, and Health-Risk Assessment of Heavy Metals and Metalloids in Farmland Soil in the Hunan Province, China"
Hunan,Agricultural soils,0.39,,
Hunan,Industrial soils,0.8,2024.0,"The impact of industrialization on the distribution of heavy metals in surrounding soil: Evidence from the Chang-Zhu-Tan urban agglomeration, central China"
Hunan,Agricultural soils,0.31,2025.0,Priority sources identification and risks assessment of heavy metal(loid)s in agricultural soils of a typical antimony mining watershed
Hunan,Agricultural soils,0.32,,
Hunan,Urban soils,1.26,2022.0,Identification priority source of soil heavy metals pollution based on source-specific ecological and human health risk analysis in a typical smelting and mining region of South China
Hunan,Industrial soils,0.59,2022.0,工业区周边典型小流域耕地土壤重金属污染源解析
Hunan,Mining/smelting soils,3.3908500000000004,2023.0,湖南某石煤矿区重金属污染现状及生态风险评价
Hunan,Mining/smelting soils,17.48,2023.0,湖南某锡矿区土壤重金属污染及健康风险评价
Hunan,Mining/smelting soils,28.4,2023.0,大义山东南部土壤重金属分布特征及其风险评价
Hunan,Urban soils,0.2,2023.0,湘东北典型河源区土壤重金属分布特征、来源解析及潜在生态风险评价
Hunan,Agricultural soils,0.26,2024.0,洞庭湖东缘新开镇土壤重金属特征、来源及评价
Hunan,Urban soils,1.56,2024.0,长沙市土壤重金属污染特征及其生态与健康风险评估
Hunan,Urban soils,1.08,2025.0,湘南地区土壤重金属污染分布特征及特定源-生态风险评估
Hunan,Industrial soils,1.48,2021.0,湖南省郴州市苏仙区重点污染企业影响区的土壤重金属污染源解析
Hunan,Mining/smelting soils,6.82,2023.0,南方某铅锌矿矿区周边农用地土壤重金属污染特征及生态风险评价
Neimenggu,Natural soils,0.3,2024.0,Spatial Distribution and Migration of Heavy Metals in Dry and Windy Area Polluted by Their Production in the North China
Neimenggu,Natural soils,0.76,,
Neimenggu,Mining/smelting soils,0.1,2024.0,Identification of sources and analysis of spatial distribution of soil heavy metals in northern China coal mining areas
Neimenggu,Mining/smelting soils,4.0,2023.0,"Spatial distribution and ecological risk of heavy metals and their source apportionment in soils from a typical mining area, Inner Mongolia, China"
Neimenggu,Mining/smelting soils,0.1,2024.0,"Source and Migration Pathways of Heavy Metals in Soils from an Iron Mine in Baotou City, China"
Neimenggu,Natural soils,0.16,2025.0,Heavy metals impact environmental capacity of oasis soils in Qinghai-Tibet Plateau dry zone
Neimenggu,Mining/smelting soils,0.09,2022.0,荒漠草原金矿周边土壤重金属分布特征及生态风险评价
Neimenggu,Mining/smelting soils,0.31,2022.0,矿区周边土壤重金属污染优先控制因子及健康风险评价研究
Neimenggu,Agricultural soils,0.25,2022.0,包头市南郊农田土壤重金属污染特征研究及风险评价
Neimenggu,Urban soils,0.2,2022.0,典型工业城市土壤重金属元素形态特征及生态风险评估
Neimenggu,Urban soils,0.09,2022.0,土壤重金属地球化学特征及环境评价——以张北县二台镇为例
Neimenggu,Mining/smelting soils,0.1,2022.0,内蒙古包头市固阳县某铁矿区周边土壤多元素测定与健康风险评价
Neimenggu,Urban soils,0.17,2022.0,内蒙古新巴尔虎右旗土壤重金属生态风险与来源分析
Neimenggu,Mining/smelting soils,0.52,2024.0,煤矿聚集区土壤重金属污染风险及PMF-HHR模型溯源
Neimenggu,Mining/smelting soils,0.28,2024.0,内蒙古西部某铜尾矿周边土壤重金属污染特征及风险评价
Neimenggu,Industrial soils,0.51,2024.0,内蒙古某金属冶炼厂周边农田土壤重金属空间分布预测方法研究
Neimenggu,Urban soils,0.16,2024.0,内蒙古五原县某地土壤重金属生态健康风险评价
Neimenggu,Mining/smelting soils,0.13,2025.0,黄河流域典型尾矿库周边土壤重金属分布特征及风险评价
Neimenggu,Urban soils,0.16,2023.0,准格尔旗铧尖地区土壤重金属地球化学特征及污染评价
Hainan,Agricultural soils,0.24,2023.0,Spatial distribution and ecological risk assessment of soil heavy metals in a typical volcanic area: Influence of parent materials
Hainan,Mining/smelting soils,1.83,2021.0,A modelling study of a buffer zone in abating heavy metal contamination from a gold mine of Hainan Province in nearby agricultural area
Hainan,Agricultural soils,0.06,2023.0,"Soil heavy metals in tropical coastal interface of eastern Hainan Island in China: Distribution, sources and ecological risks"
Hainan,Agricultural soils,0.8,2024.0,A Monte Carlo simulation-based health risk assessment of heavy metals in soils of the tropical region in southern China
Hainan,Mining/smelting soils,13.53,2021.0,铅锌矿区周边土壤重金属污染及植物富集特征
Hainan,Urban soils,0.13,2021.0,基于受体模型和地统计学的海南岛农用地土壤重金属分布特征及源解析
Hainan,Mining/smelting soils,0.323,2022.0,海南省某金矿区周边农用地土壤重金属污染特征及风险评价
Hainan,Agricultural soils,0.1,2023.0,海南省农产品基地土壤重金属污染现状及潜在生态风险评价
Xinjiang,Mining/smelting soils,0.1,2022.0,Ecological Risk Assessment and Source Apportionment of Heavy Metals in the Soil of an Opencast Mine in Xinjiang
Xinjiang,Mining/smelting soils,0.343,2023.0,"The Spatial Distribution and Influencing Factors of Heavy Metals in Soil in Xinjiang, China"
Xinjiang,Natural soils,0.2,,
Xinjiang,Natural soils,0.23,,
Xinjiang,Natural soils,0.33,,
Xinjiang,Natural soils,0.21,,
Xinjiang,Mining/smelting soils,0.75,2022.0,"Investigation of the Distribution of Heavy Metals in the Soil of the Dahuangshan Mining Area of the Southern Junggar Coalfield, Xinjiang, China"
Xinjiang,Mining/smelting soils,1.04,,
Xinjiang,Mining/smelting soils,1.0,,
Xinjiang,Agricultural soils,0.19,2022.0,"Identification of the distribution, contamination levels, sources, and ecological risks of heavy metals in vineyard soils in the main grape production area of China"
Xinjiang,Mining/smelting soils,6.4,2023.0,Evaluation of soil heavy metals pollution and the phytoremediation potential of copper-nickel mine tailings ponds
Xinjiang,Natural soils,0.16,2025.0,Spatial distribution characteristics and risk assessment of heavy metals in soils of Southern Xinjiang oases
Xinjiang,Natural soils,0.21,,
Xinjiang,Natural soils,0.12,,
Xinjiang,Natural soils,0.22,,
Xinjiang,Natural soils,0.19,,
Xinjiang,Natural soils,0.13,,
Xinjiang,Natural soils,0.14,,
Xinjiang,Natural soils,0.19,,
Xinjiang,Natural soils,0.13,,
Xinjiang,Natural soils,0.15,,
Xinjiang,Natural soils,0.15,,
Xinjiang,Natural soils,0.09,,
Xinjiang,Natural soils,0.07,,
Xinjiang,Natural soils,0.17,,
Xinjiang,Natural soils,0.06,,
Xinjiang,Industrial soils,0.089,2023.0,"Accumulation, potential risk and source identification of toxic metal elements in soil: a case study of a coal-fired power plant in Western China"
Xinjiang,Agricultural soils,0.18,2021.0,"Variability in plant trace element uptake across different crops, soil contamination levels and soil properties in the Xinjiang Uygur Autonomous Region of northwest China"
Xinjiang,Agricultural soils,0.15,,
Xinjiang,Agricultural soils,0.17,,
Xinjiang,Mining/smelting soils,0.15,2024.0,"Environmental capacity simulation and source analysis of toxic metals in soils of Wucaiwan mining area, Xinjiang, China"
Xinjiang,Urban soils,0.14,2023.0,"Ecological risks and sensitivity distribution of soil heavy metals in Altay Prefecture, Xinjiang, Northwest China"
Xinjiang,Industrial soils,0.19,2021.0,工业园周边土壤重金属污染特征及潜在生态风险评价
Xinjiang,Agricultural soils,0.08,2022.0,新疆典型区域土壤重金属As和Cd分布特征及评价
Xinjiang,Agricultural soils,0.15,,
Xinjiang,Urban soils,5.75,2022.0,天山北坡经济带土壤重金属来源及污染评价
Xinjiang,Agricultural soils,0.14,2022.0,博州农田土壤重金属地球化学基线与污染评价
Xinjiang,Urban soils,0.14,2022.0,乌鲁木齐市沿城市化梯度带土壤重金属环境容量评估
Xinjiang,Urban soils,0.14,,
Xinjiang,Natural soils,0.13,,
Xinjiang,Natural soils,0.12,,
Xinjiang,Urban soils,0.28,2022.0,乌鲁木齐市核心城区绿地土壤重金属累积特征及生态风险
Xinjiang,Urban soils,0.16,2024.0,绿洲城市土壤及地下水重金属污染及源解析
Xinjiang,Agricultural soils,0.21,2021.0,乌鲁木齐市农村土壤重金属污染情况及生态风险评价
Xinjiang,Agricultural soils,0.2,2022.0,2021年乌鲁木齐市农村土壤重金属健康风险评价
Shannxi,Agricultural soils,0.098,2022.0,Sustainable Strategies for the Agricultural Development of Shaanxi Province Based on the Risk Assessment of Heavy Metal Pollution
Shannxi,Agricultural soils,0.29,2021.0,"Heavy Metal Concentrations in Orchard Soils with Different Cultivation Durations and Their Potential Ecological Risks in Shaanxi Province, Northwest China"
Shannxi,Industrial soils,0.08,2025.0,"Analysis of Heavy Metal Content Characteristics in Topsoil of Wasteland in the Industrial and Mining Areas of Shenmu, Shaanxi Province, China"
Shannxi,Agricultural soils,0.28,2023.0,"Distribution characteristics, source analysis and health risk assessment of heavy metals in farmland soil in Shiquan County, Shaanxi Province"
Shannxi,Mining/smelting soils,0.62,2025.0,"Spatial Distribution Characteristics, Source Tracing with Cadmium Isotopes, and a Risk Assessment of Heavy Metals in Soils in the Metal Mining Area of the Qinling Mountains, Central China"
Shannxi,Industrial soils,1.23,2021.0,"A Comprehensive Exploration on Pollution Characteristics and Ecological Risks of Heavy Metals in Surface Paddy Soils around a Large Copper Smelter, Southeast China"
Shannxi,Agricultural soils,1.14,2021.0,Geochemical Baseline Establishment and Source-Oriented Ecological Risk Assessment of Heavy Metals in Lime Concretion Black Soil from a Typical Agricultural Area
Shannxi,Agricultural soils,0.26,2023.0,Ecological risks of heavy metals in soil under different cultivation systems in Northwest China
Shannxi,Agricultural soils,0.19,,
Shannxi,Agricultural soils,0.12,,
Shannxi,Agricultural soils,0.25,,
Shannxi,Agricultural soils,0.18,,
Shannxi,Agricultural soils,0.12,,
Shannxi,Industrial soils,0.53,2024.0,"Sources, Contamination and Risk Assessment of Heavy Metals in Riparian Soils of the Weihe River Based on a Receptor Model and Monte Carlo Simulation"
Shannxi,Agricultural soils,0.31,2023.0,"Spatial distribution, ecological risk and health risk assessment of heavy metals in agricultural soil from Ankang basin, Shaanxi Province"
Shannxi,Agricultural soils,0.3,2024.0,Soil Quality Assessment of the Cultivated Land Around the Tailing Ponds in the Qinling Mountains of China
Shannxi,Urban soils,0.77,2021.0,典型河谷城市土壤重金属含量空间分异及其影响因素
Shannxi,Mining/smelting soils,2.91,2021.0,陕西潼关县金矿矿区周边农田土壤重金属生态健康风险评价
Shannxi,Mining/smelting soils,0.99,2022.0,矿区周边农田土壤重金属分布特征及污染评价
Shannxi,Mining/smelting soils,0.45,2022.0,秦岭山区某金属矿区土壤重金属污染评价及迁移路径解析
Shannxi,Mining/smelting soils,1.63,2023.0,金属矿区土壤重金属污染的分布特征及因果关系解析——以某金矿为例
Shannxi,Mining/smelting soils,1.04,2023.0,商洛市尾矿区土壤重金属污染评价及来源分析
Shannxi,Industrial soils,0.71,2023.0,某燃煤电厂周边农田土壤重金属污染特征及源解析
Shannxi,Mining/smelting soils,0.15,2024.0,渭南市矿山企业周边农田土壤中重金属污染源解析及风险评价
Shannxi,Mining/smelting soils,1.34,2024.0,秦岭典型钼矿区农田土壤和作物重金属污染特征、来源解析及健康风险评价
Shannxi,Mining/smelting soils,1.07,2025.0,陕西秦岭矿区农田土壤和作物重金属污染特征及健康风险评价
Shannxi,Agricultural soils,0.18,2022.0,关中平原土壤重金属生态风险评价——以杨凌示范区为例
Shannxi,Agricultural soils,0.14,2025.0,西安市高陵区土壤重金属污染现状分析
Zhejiang,Agricultural soils,0.14,2021.0,Analysis of Heavy Metal Pollution in Cultivated Land of Different Quality Grades in Yangtze River Delta of China
Zhejiang,Agricultural soils,13.96,2024.0,"Enrichment Characteristics and Ecological Risk Assessment of Heavy Metals in a Farmland System with High Geochemical Background in the Black Shale Region of Zhejiang, China"
Zhejiang,Urban soils,0.179,,长江经济带
Zhejiang,Urban soils,0.223,,
Zhejiang,Urban soils,0.149,,
Zhejiang,Urban soils,0.189,,
Zhejiang,Urban soils,0.189,,
Zhejiang,Urban soils,0.197,,
Zhejiang,Urban soils,0.209,,
Zhejiang,Urban soils,0.215,,
Zhejiang,Urban soils,0.22,,
Zhejiang,Urban soils,0.397,,
Zhejiang,Agricultural soils,0.27,2022.0,"Potential driving forces and probabilistic health risks of heavy metal accumulation in the soils from an e-waste area, southeast China"
Zhejiang,Agricultural soils,0.158,2022.0,"Pollution Characteristics, Sources, and Health Risk Assessments of Potentially Toxic Elements in Community Garden Soil of Lin’an, Zhejiang, China"
Zhejiang,Industrial soils,0.285,2024.0,Pollution characteristics and source apportionment of heavy metal(loid)s in soil and groundwater of a retired industrial park
Zhejiang,Agricultural soils,0.18,2021.0,"Spatial Distribution, Environmental Risk and Safe Utilization Zoning of Soil Heavy Metals in Farmland, Subtropical China"
Zhejiang,Industrial soils,1.66,2023.0,"Spatial distribution, sources, and risks of heavy metals in soil from industrial areas of Hangzhou, eastern China"
Zhejiang,Agricultural soils,0.15,2021.0,Assessments of heavy metal pollution of a farmland in an urban area based on the Environmental Geochemical Baselines
Zhejiang,Urban soils,0.2,2021.0,"Pollution Characteristics, Spatial Patterns, and Sources of Toxic Elements in Soils from a Typical Industrial City of Eastern China"
Zhejiang,Industrial soils,0.2187,2022.0,"Pollution Assessment and Source Apportionment of Soil Heavy Metals in a Coastal Industrial City, Zhejiang, Southeastern China"
Zhejiang,Agricultural soils,0.2,2022.0,"Source Identification and Apportionment of Potential Toxic Elements in Soils in an Eastern Industrial City, China"
Zhejiang,Agricultural soils,1.1,2023.0,The effects of pollution by multiple metals derived from long-term smelting activities on soil mite communities in arable soils under different land use types in East China
Zhejiang,Agricultural soils,0.7,,
Zhejiang,Agricultural soils,1.6,,
Zhejiang,Agricultural soils,3.3,,
Zhejiang,Agricultural soils,0.28,2021.0,"Comprehensive source identification and apportionment analysis of five heavy metals in soils in Wenzhou City, China"
Zhejiang,Agricultural soils,0.18,2021.0,"An Integrated Approach for Source Apportionment and Health Risk Assessment of Heavy Metals in Subtropical Agricultural Soils, Eastern China"
Zhejiang,Agricultural soils,0.19,2024.0,Spatial Heterogeneity Analysis and Risk Assessment of Potentially Toxic Elements in Soils of Typical Green Tea Plantations
Zhejiang,Agricultural soils,1.48,2022.0,Novel insights into probabilistic health risk and source apportionment based on bioaccessible potentially toxic elements around an abandoned e-waste dismantling site
Zhejiang,Industrial soils,8.58,2024.0,"Contamination and health risk assessment of heavy metals in soil surrounding an electroplating factory in JiaXing, China"
Zhejiang,Agricultural soils,2.17,2023.0,"Spatial distribution, sources, and risk assessment of potentially toxic elements in cultivated soils using isotopic tracing techniques and Monte Carlo simulation"
Zhejiang,Urban soils,0.18,2021.0,温岭市表层土壤重金属地球化学特征及其相关性浅析
Zhejiang,Agricultural soils,0.18,2022.0,金华市耕地土壤重金属来源解析及健康风险空间分异
Zhejiang,Industrial soils,0.68,2022.0,台州市典型电子垃圾拆解场地周边农田土壤重金属污染特征和来源解析
Zhejiang,Agricultural soils,0.33,2022.0,缙云县某复垦地块土壤环境质量调查及生态风险评价
Zhejiang,Mining/smelting soils,0.53,2022.0,浙中典型硫铁矿区农田土壤重金属含量特征及健康风险
Zhejiang,Mining/smelting soils,0.75,2023.0,浙江省某尾矿库周边农田土壤重金属污染特征及来源解析
Zhejiang,Urban soils,0.1966666666666666,2024.0,环象山港区域土壤重金属污染特征及风险评估
Zhejiang,Agricultural soils,0.39,2024.0,浙西南典型耕地土壤重金属空间分布及污染评价
Zhejiang,Urban soils,0.19,2025.0,钱江源国家公园水田土壤重金属污染特征、来源分析及健康风险评价
Zhejiang,Mining/smelting soils,2.58,2021.0,浙西某地石煤矿山周边耕地土壤重金属污染与生态风险评价
Zhejiang,Urban soils,0.18,2022.0,典型海岛城市重金属空间分布与管控策略
Zhejiang,Agricultural soils,1.07,2024.0,景宁县某废弃铅锌矿周围农田土壤重金属污染评价与来源分析
Zhejiang,Industrial soils,0.15,2024.0,宁波市工业区周边小区域尺度耕地土壤重金属污染源解析及风险评价
Jiangsu,Agricultural soils,0.06,2023.0,Environmental Assessment of Soils and Crops Based on Heavy Metal Risk Analysis in Southeastern China
Jiangsu,Urban soils,0.218,,长江经济带
Jiangsu,Urban soils,0.157,,
Jiangsu,Urban soils,0.165,,
Jiangsu,Urban soils,0.303,,
Jiangsu,Urban soils,0.151,,
Jiangsu,Urban soils,0.353,,
Jiangsu,Urban soils,0.18,,
Jiangsu,Urban soils,0.259,,
Jiangsu,Urban soils,0.141,,
Jiangsu,Urban soils,0.212,,
Jiangsu,Urban soils,0.134,,
Jiangsu,Urban soils,0.163,,
Jiangsu,Urban soils,0.203,,
Jiangsu,Urban soils,0.51,2022.0,Study on the risk of soil heavy metal pollution in typical developed cities in eastern China
Jiangsu,Agricultural soils,0.9,2023.0,Source Analysis Based on the Positive Matrix Factorization Models and Risk Assessment of Heavy Metals in Agricultural Soil
Jiangsu,Agricultural soils,1.18,,
Jiangsu,Agricultural soils,1.07,,
Jiangsu,Agricultural soils,1.42,,
Jiangsu,Agricultural soils,0.193,2023.0,Environmental Risk Assessment of Heavy Metals in Cultivated Soils Around Industrial Area and Source Identification under APCS-MLR Model: a Case of Suzhou in Northern China
Jiangsu,Agricultural soils,0.12,2024.0,"Source Analysis and Contribution Estimation of Heavy Metal Contamination in Agricultural Soils in an Industrial Town in the Yangtze River Delta, China"
Jiangsu,Natural soils,1.68,2021.0,"Spatial distribution and environmental risk assessment of hazardous elements (As, Hg, Pb, Cd, Cu, Cr, Zn, and Se) in wetland soils of Yellow Sea coastal area, Eastern China"
Jiangsu,Mining/smelting soils,4.73,2021.0,"Distribution Characteristics and Relevance of Heavy Metals in Soils and Colloids Around a Mining Area in Nanjing, China "
Jiangsu,Agricultural soils,0.88,2021.0,"Speciation and Potential Ecological Risk of Heavy Metals in Soils from Overlapped Areas of Farmland and Coal Resources in Northern Xuzhou, China"
Jiangsu,Industrial soils,0.36,2025.0,"Distributions and Influencing Factors of Heavy Metals in Soils from Zhenjiang and Yangzhou, China"
Jiangsu,Agricultural soils,0.196,2022.0,"Soil Quality Assessment in Farmland of a Rapidly Industrializing Area in the Yangtze Delta, China"
Jiangsu,Industrial soils,4.0,2024.0,"Areal Health Risk Assessment Using Soil Bioaccessible Heavy Metal(loid)s Around Industrial Area in Nanjing, Southeast China"
Jiangsu,Industrial soils,5.0,,
Jiangsu,Agricultural soils,0.59,2021.0,"Risk Assessment of Heavy Metals in Overlapped Areas of Farmland and Coal Resources in Xuzhou, China"
Jiangsu,Agricultural soils,0.84,2024.0,"Ecological risk assessment of heavy metals in tea plantation soil around Tai Lake region in Suzhou, China"
Jiangsu,Agricultural soils,0.46,2021.0,"Spatial distribution, ecological risk and sources of heavy metals in soils from a typical economic development area, Southeastern China"
Jiangsu,Urban soils,0.19,2021.0,区域农田土壤镉风险的机理式定量预测模型研究
Jiangsu,Industrial soils,0.14,2021.0,典型工业遗留场地土壤污染特征分析及风险评估
Jiangsu,Agricultural soils,0.22,2021.0,长江三角洲典型县域耕地土壤重金属污染生态风险评价
Jiangsu,Mining/smelting soils,0.64,2024.0,长江中下游典型铜矿周边土壤重金属环境污染风险和来源分析
Jiangsu,Mining/smelting soils,1.27,2024.0,南京市某闭库尾矿库区土壤重金属赋存形态及生态风险评价
Jiangsu,Industrial soils,0.29,2025.0,工业园公共区域土壤重金属特定源风险评价
Jiangsu,Urban soils,0.21,2025.0,长三角城市群典型区土壤重金属时空变异及源解析
Jiangsu,Agricultural soils,0.22,2025.0,江苏某市规模化养殖场土壤重金属污染与生态健康风险评价
Jiangsu,Industrial soils,0.15,2021.0,镇江市某工业园区企业周边土壤重金属污染及其潜在生态风险评价
Jiangsu,Urban soils,0.21,2021.0,南京市主城区土壤环境质量调查及生态风险评价研究
Jiangsu,Agricultural soils,0.52,2022.0,小流域矿集区土壤重金属污染评价与来源综合解析
Jiangsu,Urban soils,2.6466666666666665,2023.0,盐城市典型地块周边土壤重金属污染及环境质量风险评价
Jiangsu,Urban soils,0.37,2023.0,土壤重金属污染多种评价方法对比研究——以南京市龙潭沿江地区为例
Jiangsu,Mining/smelting soils,1.15,2023.0,南京市某闭库铜矿尾矿库土地再利用风险评估
Jiangsu,Mining/smelting soils,1.27,2024.0,南京市某闭库尾矿库区土壤重金属赋存形态及生态风险评价
Jiangsu,Industrial soils,0.09,2024.0,产业园区周边表层土壤重金属污染特征、来源解析及生态风险评价
Jiangsu,Mining/smelting soils,0.59,2025.0,镇江市某矿段周边土壤和蔬菜重金属污染及健康风险评价
Jiangxi,Mining/smelting soils,0.52,2023.0,"Distribution and Source Apportionment of Heavy Metals in Soil around Dexing Copper Mine in Jiangxi Province, China"
Jiangxi,Mining/smelting soils,0.35,,
Jiangxi,Urban soils,0.128,,长江经济带
Jiangxi,Urban soils,0.361,,
Jiangxi,Urban soils,0.19,,
Jiangxi,Urban soils,0.249,,
Jiangxi,Urban soils,0.209,,
Jiangxi,Urban soils,0.55,,
Jiangxi,Urban soils,0.212,,
Jiangxi,Agricultural soils,0.14,2022.0,"Heavy Metal Pollution and Soil Quality Assessment under Different Land Uses in the Red Soil Region, Southern China"
Jiangxi,Agricultural soils,0.6234999999999998,2024.0,"Health and ecological risk of heavy metals in agricultural soils related to Tungsten mining in Southern Jiangxi Province, China"
Jiangxi,Mining/smelting soils,0.41,2022.0,"Contamination, Source Apportionment, and Health Risk Assessment of Heavy Metals in Farmland Soils Surrounding a Typical Copper Tailings Pond"
Jiangxi,Mining/smelting soils,0.43,,
Jiangxi,Agricultural soils,0.15,2021.0,"Spatial Variation in Cadmium and Mercury and Factors Influencing Their Potential Ecological Risks in Farmland Soil in Poyang Lake Plain, China"
Jiangxi,Agricultural soils,0.41,2023.0,Heavy Metal Contamination Characteristics in Acid Soil-rice Systems and the Corresponding Human Health Risk in a Mining and Smelting Area in Jiangxi Province
Jiangxi,Agricultural soils,0.13,2025.0,"Distribution, Risk Assessment, and Quantitative Source Analysis of Soil Heavy Metals in a Typical Agricultural City of East-Central China"
Jiangxi,Urban soils,0.44,2021.0,乐安河流域农用地表层土壤重金属污染评价及来源分析
Jiangxi,Mining/smelting soils,0.3,2021.0,某铜铅锌多金属矿区土壤重金属污染评价
Jiangxi,Urban soils,0.42,2021.0,袁州区表层土壤重金属污染特征及潜在生态风险来源的地理探测
Jiangxi,Mining/smelting soils,0.09,2022.0,某矿区土壤重金属分布特征及来源解析
Jiangxi,Urban soils,0.11,2022.0,赣州市南部地区土壤有害元素空间分布及健康风险评价
Jiangxi,Mining/smelting soils,0.58,2024.0,铜矿复垦区土壤重金属污染特征及风险评价
Jiangxi,Urban soils,0.7,2024.0,江西于都南部地区土壤重金属元素生态地球化学特征及其来源解析
Jiangxi,Mining/smelting soils,0.49,2025.0,基于蒙特卡罗模拟的金属矿区周边农田土壤重金属健康风险评估
Jiangxi,Mining/smelting soils,0.09,2022.0,某矿区土壤重金属分布特征及来源解析
Jiangxi,Mining/smelting soils,0.26,2022.0,典型铜矿区废石堆场周边环境风险研究
Ningxia,Agricultural soils,0.16,2023.0,"Spatial and Temporal Distribution and Source Analysis of Heavy Metals in Agricultural Soils of Ningxia, Northwest of China"
Ningxia,Agricultural soils,24.09,2022.0,Source Identification and Potential Ecological Risk Assessment of Heavy Metals in the Topsoil of the Weining Plain (Northwest China)
Ningxia,Industrial soils,0.54,2021.0,Human Health Risk Distribution and Safety Threshold of Cadmium in Soil of Coal Chemical Industry Area
Ningxia,Natural soils,0.18,2021.0,Comprehensive evaluation of soil quality in a desert steppe influenced by industrial activities in northern China
Ningxia,Natural soils,4.15,2023.0,"The spatial distribution and source apportionment of heavy metals in soil of Shizuishan, China "
Ningxia,Natural soils,0.73,2021.0,Spatial distribution and human health risk assessment of soil heavy metals based on sequential Gaussian simulation and positive matrix factorization model: A case study in irrigation area of the Yellow River
Ningxia,Natural soils,0.16,2022.0,银川平原不同地貌单元土壤重金属的分布特征及其风险评价
Ningxia,Urban soils,0.19,2024.0,银川市浅层表土重金属污染特征及源解析
Ningxia,Urban soils,0.77,2024.0,宁夏沿黄城市带土壤重金属分布特征及其生态风险评价
Ningxia,Urban soils,0.21,2024.0,银川市黄河滩区土壤重金属污染特征、生态风险评价与来源解析
Ningxia,Industrial soils,0.09,2025.0,宁夏某工业园周边农田土壤重金属分布特征及风险评估
Ningxia,Urban soils,0.16,2025.0,宁夏固原市原州区土壤重金属分布特征及其生态风险评价
Ningxia,Urban soils,0.11,2021.0,固原市表层土壤重金属空间分布及健康风险评价
Fujian,Urban soils,0.71,2021.0,"Sources, Spatial Distribution and Extent of Heavy Metals in Relation to Land Use, Lithology and Landform in Fuzhou City, China"
Fujian,Agricultural soils,0.15,2022.0,"The sources-specific health risk assessment combined with APCS/MLR model for heavy metals in tea garden soils from south Fujian Province, China"
Fujian,Agricultural soils,0.38,2021.0,福建省某地区一般农区土壤重金属污染分布特征及生态风险评价
Fujian,Agricultural soils,0.21,,
Fujian,Industrial soils,8.175,2021.0,钢铁厂周边土壤重金属污染特征及风险评价——以闽西三明钢铁厂周边农田为例
Fujian,Urban soils,0.08,2021.0,福建省龙海市南部表层土壤重金属元素累积特征研究
Fujian,Urban soils,0.16,2022.0,基于PMF模型的垃圾焚烧厂周边农田土壤重金属源解析
Fujian,Mining/smelting soils,0.13,2021.0,永定矿区典型煤矿土壤重金属污染特征研究
Fujian,Industrial soils,1.94,2024.0,钢铁企业周边土壤重金属污染特征及风险评价
Fujian,Industrial soils,1.87,,
Fujian,Industrial soils,0.12,,
Heilongjiang,Mining/smelting soils,0.11,2022.0,Heavy Metal(loid)s Pollution of Agricultural Soils and Health Risk Assessment of Consuming Soybean and Wheat in a Typical Non-Ferrous Metal Mine Area in Northeast China
Heilongjiang,Mining/smelting soils,0.13,,
Heilongjiang,Mining/smelting soils,0.12,,
Heilongjiang,Agricultural soils,0.11,2021.0,"Bioconcentrations and health risk assessment of heavy metals in crops in the Naoli River Basin agricultural area, Sanjiang Plain, China"
Heilongjiang,Agricultural soils,0.11,2023.0,Accumulation Pattern and Risk Assessment of Potentially Toxic Elements in Permafrost-Affected Agricultural Soils in Northeast China
Heilongjiang,Agricultural soils,0.1,2023.0,Study on Risk Model of Heavy Metals and Risk Element Pollution in Surface Farmland Soil in Cold Black Soil Region of China – Qianjin Town as an Example
Heilongjiang,Agricultural soils,0.1,,
Heilongjiang,Industrial soils,0.11,2022.0,松嫩平原产油区农田土壤重金属含量及污染风险评价
Heilongjiang,Urban soils,0.13,2024.0,黑龙江省黑土区土壤重金属污染及风险评价
Jilin,Agricultural soils,0.26,2025.0,"Long-Term Trends and Ecological Risks of Heavy Metal Accumulation in Cultivated Land of Songnen Plain, China"
Jilin,Agricultural soils,0.22,2025.0,"Assessment of ecological risks and spatiotemporal monitoring of heavy metal contamination in cultivated soils of the Liaohe River Basin, Jilin Province, China"
Jilin,Agricultural soils,1.01,2023.0,Source and migration patterns of heavy metals and human health risk assessment of heavy metals in soil-corn straw-flue gas system
Jilin,Natural soils,0.79,2023.0,Fractionation and risk assessment of potentially toxic elements in surface soil from northeast China mountains
Jilin,Natural soils,0.81,,
Jilin,Natural soils,1.15,,
Jilin,Agricultural soils,0.13,2025.0,"Ecological and Health Risk Assessment of Potentially Toxic Elements in Soils from Black Soil Region, Northeast China"
Jilin,Urban soils,0.11,2021.0,长春市建成区土壤重金属污染与生态风险评价
Jilin,Industrial soils,0.11,2021.0,燃煤电厂贮灰场土壤重金属污染及健康风险评价
Liaoning,Industrial soils,5.23,2021.0,ldentifying the Source of Heavy Metal Pollution and Apportionment in Agricultural Soils Impacted by Different Smelters in China by the Positive Matrix Factorization Model and the Pb lsotope Ratio Method
Liaoning,Agricultural soils,0.55,2022.0,Heavy Metal Pollution and Health Risk Assessment of Vegetable–Soil Systems of Facilities Irrigated with Wastewater in Northern China
Liaoning,Agricultural soils,0.246,2024.0,"Source apportionment and risk assessment of heavy metals in typical greenhouse vegetable soils in Shenyang, China"
Liaoning,Agricultural soils,0.2,2025.0,"Heavy Metals Research in the Black Soil Region of Liaoning Province, China: Spatial Patterns, Risk Assessment, and Sources Apportionment"
Liaoning,Agricultural soils,0.16,2025.0,"Distribution characteristics and pollution assessment of heavy metals in typical black soil profiles of Haicheng city, Liaoning province, China"
Liaoning,Agricultural soils,0.084,,
Liaoning,Agricultural soils,0.12,,
Liaoning,Agricultural soils,0.047,,
Liaoning,Agricultural soils,0.079,,
Liaoning,Industrial soils,1.31,2021.0,Source Identification and Human Health Risk of Heavy Metals in Soil: a Case Study of Industrial Areas of Northeast China
Liaoning,Industrial soils,1.23,,
Liaoning,Urban soils,0.18,2021.0,辽阳市土壤重金属含量特征及潜在风险评估
Liaoning,Urban soils,0.39,2021.0,辽宁锦州城区土壤环境质量及潜在生态危害评价
Liaoning,Urban soils,0.43,,
Liaoning,Urban soils,0.43,,
Liaoning,Urban soils,0.53,,
Liaoning,Urban soils,0.36,,
Liaoning,Urban soils,0.42,2021.0,葫芦岛东北部土壤重金属分布特征及来源解析
Liaoning,Urban soils,2.17,,
Liaoning,Urban soils,0.36,,
Liaoning,Urban soils,0.38,,
Liaoning,Urban soils,0.7,2022.0,葫芦岛地区土壤镉元素空间含量分布特征及污染评价研究
Liaoning,Urban soils,0.3,2021.0,锦州市土壤重金属污染特征及生态风险评价
Liaoning,Industrial soils,23.54,2021.0,辽宁省某造纸企业重金属污染特征及风险评价研究
Liaoning,Urban soils,0.83,2023.0,辽宁省部分城市土壤重金属污染水平与风险评估
Liaoning,Urban soils,0.17,,
Liaoning,Urban soils,0.29,,
Liaoning,Urban soils,0.14,,
Liaoning,Urban soils,0.24,,
Liaoning,Urban soils,3.41,,
Liaoning,Urban soils,0.24,2024.0,辽阳—丹东地区土壤重金属分布特征与源解析
Gansu,Mining/smelting soils,0.14,2021.0,Profiling multiple heavy metal contamination and bacterial communities surrounding an iron tailing pond in Northwest China
Gansu,Mining/smelting soils,0.16,,
Gansu,Mining/smelting soils,7.3,,
Gansu,Mining/smelting soils,6.0,,
Gansu,Mining/smelting soils,5.74,,
Gansu,Mining/smelting soils,0.1,,
Gansu,Mining/smelting soils,2.22,,
Gansu,Mining/smelting soils,2.47,,
Gansu,Agricultural soils,5.46,2023.0,Ecological and health risk assessment of heavy metals in agricultural soils from northern China
Gansu,Industrial soils,28.74,2022.0,"Lability, bioaccessibility, and ecological and health risks of anthropogenic toxic heavy metals in the arid calcareous soil around a nonferrous metal smelting area"
Gansu,Agricultural soils,9.16,2024.0,"Heavy metal pollution status, children health risk assessment and source apportionment in farmland soils in a typical polluted area, Northwest China"
Gansu,Agricultural soils,31.84,2023.0,"Migration, accumulation, and risk assessment of potentially toxic elements in soil-plant (shrub and herbage) systems at typical polymetallic mines in Northwest China"
Gansu,Agricultural soils,5.61,,
Gansu,Agricultural soils,0.24,2021.0,Quantitative source apportionment of heavy metals in cultivated soil and associated model uncertainty
Gansu,Agricultural soils,0.47,2022.0,"Distribution Characteristics and Ecological Risk Assessment of Heavy Metals in Typical Farmland Soils from Baijiazui Village of Ningyuanbu Town, China"
Gansu,Mining/smelting soils,0.501,2022.0,Source apportionment and health risk assessment of potentially toxic elements in soil from mining areas in northwestern China
Gansu,Urban soils,0.03,2025.0,"Health Risk Assessment of Soil Heavy Metals in the Urban-Rural Area of Lanzhou City, Gansu Province, China"
Gansu,Mining/smelting soils,0.23,2024.0,"Contamination characteristics of heavy metals and enrichment capacity of native plants in soils around typical coal mining areas in Gansu, China"
Gansu,Urban soils,0.19,2024.0,Pollution and source-specific risk analysis of potentially toxic metals in urban soils of an oasis-tourist city in northwest China 
Gansu,Agricultural soils,1.1,2024.0,Analysis of the Spatial Distribution of Heavy Metals in Soil of Sewage-Irrigated Agricultural Fields in Arid Regions and Comprehensive Evaluation Methods
Gansu,Urban soils,0.223,2022.0,"Pollution, sources, and human health risk assessment of heavy metals in urban areas around industrialization and urbanization-Northwest China"
Gansu,Agricultural soils,0.37,2025.0,"Risk Evaluation of Potentially Toxic Metals in Soils and Vegetables Surrounding Lanzhou City in Gansu Province, China"
Gansu,Agricultural soils,0.43,,
Gansu,Agricultural soils,0.25,,
Gansu,Agricultural soils,0.35,,
Gansu,Agricultural soils,0.52,,
Gansu,Agricultural soils,0.34,,
Gansu,Agricultural soils,0.34,,
Gansu,Agricultural soils,0.25,,
Gansu,Mining/smelting soils,269.61249999999995,2021.0,甘肃某冶炼厂区土壤重金属铅、镉污染特征及其对微生物群落结构的影响
Gansu,Agricultural soils,0.25,2022.0,兰州市耕地“五毒”重金属的风险评价与归因分析
Gansu,Agricultural soils,5.87,2022.0,典型重金属污染地区学龄前儿童镉暴露健康风险评价
Gansu,Urban soils,3.54,2023.0,肃北蒙古自治县条湖沟矿区土壤重金属污染特征研究
Gansu,Mining/smelting soils,11.256,2023.0,西北典型工矿型绿洲土壤重金属污染及健康风险评价
Gansu,Natural soils,0.13,2024.0,黄河兰州城区段饮用水源地土壤重金属污染生态与健康概率风险评估
Gansu,Agricultural soils,0.04,2024.0,甘肃省白银市四龙镇—北湾镇耕地区土壤重金属现状及生态风险评价
Gansu,Urban soils,0.12,2024.0,黄河上游白银段煤矿区周边土壤重金属累积特征、污染风险与溯源解析
Gansu,Mining/smelting soils,1.46,2025.0,某铅锌尾矿库周边农田土壤重金属累积特征及特定源风险评估
Qinghai,Industrial soils,0.4,2023.0,Heavy metal pollution and ecological risk under different land use types: based on the similarity of pollution sources and comparing the results of three evaluation models
Qinghai,Industrial soils,0.2,,
Qinghai,Industrial soils,0.3,,
Qinghai,Industrial soils,0.2,,
Qinghai,Industrial soils,0.23,,
Qinghai,Industrial soils,0.19,,
Qinghai,Industrial soils,0.26,,
Qinghai,Industrial soils,0.17,,
Qinghai,Industrial soils,0.49,,
Qinghai,Industrial soils,0.35,,
Qinghai,Natural soils,2.0,2023.0,"Non–Negligible Ecological Risks of Urban Wetlands Caused by Cd and Hg on the Qinghai–Tibet Plateau, China"
Qinghai,Industrial soils,0.17,2023.0,"Characterization of heavy metal content distribution and evaluation of soil pollution in Maqin County, Qinghai Province, China"
Qinghai,Industrial soils,0.38,2022.0,"Potential Sources, Pollution, and Ecological Risk Assessment of Potentially Toxic Elements in Surface Soils on the North-Eastern Margin of the Tibetan Plateau"
Qinghai,Agricultural soils,0.145,2024.0,"Accumulation, Source Apportionment, and Ecological-Health Risks Assessment of Topsoil Heavy Metals in Agricultural and Pastoral Areas in the Eastern Qaidam Basin, China"
Qinghai,Agricultural soils,0.2,2024.0,Investigating the environmental capacity of soil heavy metals and its determinants in agro-pastoral regions of the qinghai-tibetan plateau
Qinghai,Natural soils,0.21,2023.0,"Ecological risk, dynamics in fingerprinting, and source apportionment of heavy metals in soils from plateau in Upper Yellow River, Qinghai Province, China"
Qinghai,Industrial soils,0.37,2022.0,Integrated assessment of the impact of land use types on soil pollution by potentially toxic elements and the associated ecological and human health risk
Qinghai,Natural soils,0.62,2021.0,环青海湖地区表层土壤重金属富集含量及其生态风险评价
Qinghai,Urban soils,0.15,2024.0,青藏公路沿线土壤重金属分布特征与污染风险评估
Qinghai,Mining/smelting soils,0.15,2022.0,高原高寒露天煤矿区土壤重金属污染及潜在生态风险评价
Qinghai,Agricultural soils,0.15,2024.0,青海省典型农业区土壤重金属风险评价及来源
Qinghai,Agricultural soils,0.2,,
